TP,P_0,P_1,P_2,P_3,P_4,P_5,P_6,P_7,P_8,P_9,P_10,P_11,P_12,P_13,P_14,P_15
T_0,13,22,15,18,15,15,17,16,27,35,28,28,24,26,26,26
T_1,22,18,18,21,18,18,20,19,23,30,24,24,20,22,22,22
T_2,13,16,8,13,11,11,12,12,18,24,19,19,16,18,17,17
T_3,41,50,34,28,34,33,37,36,10,12,10,10,8,9,9,9
T_4,28,34,23,27,16,23,25,24,12,16,13,13,11,12,12,12
T_5,25,30,20,24,20,14,22,21,32,41,33,33,28,31,30,30
T_6,14,17,12,14,12,12,9,13,18,24,19,19,16,18,17,17
T_7,25,30,20,24,20,20,22,15,19,25,20,20,17,19,18,18
T_8,19,22,15,18,15,15,17,16,20,37,30,30,25,28,28,27
T_9,13,16,11,13,11,11,12,12,19,17,20,20,17,19,18,18
T_10,31,37,25,30,26,25,28,27,36,47,27,38,32,36,35,35
T_11,21,25,17,20,17,17,19,18,34,45,36,25,30,34,33,33
T_12,40,49,33,39,33,33,36,35,24,31,25,25,15,23,23,23
T_13,20,24,16,19,16,16,18,17,11,15,12,12,10,8,11,11
T_14,13,16,11,13,11,11,12,12,11,15,12,12,10,11,8,11
T_15,19,22,15,18,15,15,17,16,24,31,25,25,21,23,23,16
T_16,29,35,24,28,24,23,26,25,25,32,26,26,22,24,24,24
T_17,17,30,20,24,20,20,22,21,15,20,16,16,13,15,15,15
T_18,20,17,16,19,16,16,18,17,38,50,40,40,34,37,37,36
T_19,10,12,6,10,9,8,9,9,8,10,8,8,7,7,7,7
T_20,13,16,11,9,11,11,12,12,26,34,27,27,23,25,25,25
T_21,34,41,28,33,20,28,31,29,38,50,40,40,34,37,37,36
T_22,20,24,16,19,16,11,18,17,38,50,40,40,34,37,37,36
T_23,21,25,17,20,17,17,13,18,20,26,21,21,18,20,19,19
T_24,31,37,25,30,26,25,28,19,13,17,14,14,12,13,13,13
T_25,21,25,17,20,17,17,19,18,16,30,24,24,20,22,22,22
T_26,39,47,32,38,32,32,35,34,26,24,27,27,23,25,25,25
T_27,37,45,31,36,31,30,34,32,33,42,24,34,29,32,31,31
T_28,26,31,21,25,21,21,23,22,38,50,40,28,34,37,37,36
T_29,12,15,10,12,10,10,11,11,33,44,35,35,21,33,32,32
T_30,12,15,10,12,10,10,11,11,18,24,19,19,16,12,17,17
T_31,26,31,21,25,21,21,23,22,22,29,23,23,19,22,15,21
T_32,27,32,22,26,22,22,24,23,37,49,39,39,33,37,36,25
T_33,16,20,14,16,14,13,15,14,27,35,28,28,24,26,26,26
T_34,29,50,34,40,34,33,37,36,28,36,29,29,24,27,27,26
T_35,8,7,7,8,7,7,7,7,26,34,27,27,23,25,25,25
T_36,28,34,16,27,23,23,25,24,10,12,10,10,8,9,9,9
T_37,41,50,34,28,34,33,37,36,28,36,29,29,24,27,27,26
T_38,41,50,34,40,24,33,37,36,20,26,21,21,18,20,19,19
T_39,22,26,18,21,18,12,20,19,21,27,22,22,18,21,20,20
T_40,14,17,12,14,12,12,9,13,33,42,34,34,29,32,31,31
T_41,25,30,20,24,20,20,22,15,13,17,14,14,12,13,13,13
T_42,28,34,23,27,23,23,25,24,11,21,17,17,14,16,16,15
T_43,35,42,29,34,29,28,32,30,36,33,38,38,32,36,35,35
T_44,41,50,34,40,34,33,37,36,18,24,13,19,16,18,17,17
T_45,36,44,30,35,30,29,33,31,24,31,25,17,21,23,23,23
T_46,20,24,16,19,16,16,18,17,28,36,29,29,17,27,27,26
T_47,24,29,20,23,20,19,21,21,31,40,32,32,27,21,29,29
T_48,40,49,33,39,33,33,36,35,9,11,9,9,8,8,6,8
T_49,29,35,24,28,24,23,26,25,22,29,23,23,19,22,21,15
T_50,30,36,25,29,25,24,27,26,33,42,34,34,29,32,31,31
T_51,19,34,23,27,23,23,25,24,20,26,21,21,18,20,19,19
T_52,10,9,8,10,9,8,9,9,33,44,35,35,29,33,32,32
T_53,30,36,17,29,25,24,27,26,19,25,20,20,17,19,18,18
T_54,22,26,18,15,18,18,20,19,24,31,25,25,21,23,23,23
T_55,23,27,19,22,13,18,21,20,38,50,40,40,34,37,37,36
T_56,35,42,29,34,29,20,32,30,19,25,20,20,17,19,18,18
T_57,14,17,12,14,12,12,9,13,37,49,39,39,33,37,36,36
T_58,18,21,14,17,14,14,16,11,13,17,14,14,12,13,13,13
T_59,39,47,32,38,32,32,35,34,6,11,9,9,8,8,8,8
T_60,20,24,16,19,16,16,18,17,30,27,31,31,26,29,28,28
T_61,26,31,21,25,21,21,23,22,10,12,7,10,8,9,9,9
T_62,30,36,25,29,25,24,27,26,11,15,12,8,10,11,11,11
T_63,33,40,27,32,27,27,30,29,20,26,21,21,12,20,19,19
T_64,9,11,8,9,8,8,8,8,34,45,36,36,30,24,33,33
T_65,24,29,20,23,20,19,21,21,17,22,18,18,15,17,12,16
T_66,35,42,29,34,29,28,32,30,19,25,20,20,17,19,18,13
T_67,22,26,18,21,18,18,20,19,10,12,10,10,8,9,9,9
T_68,25,44,30,35,30,29,33,31,25,32,26,26,22,24,24,24
T_69,21,17,17,20,17,17,19,18,11,14,11,11,9,10,10,10
T_70,26,31,15,25,21,21,23,22,8,10,8,8,7,7,7,7
T_71,41,50,34,28,34,33,37,36,29,37,30,30,25,28,28,27
T_72,21,25,17,20,12,17,19,18,15,20,16,16,13,15,15,15
T_73,40,49,33,39,33,23,36,35,32,41,33,33,28,31,30,30
T_74,14,17,12,14,12,12,9,13,15,20,16,16,13,15,15,15
T_75,9,11,8,9,8,8,8,6,9,11,9,9,8,8,8,8
T_76,32,39,26,31,26,26,29,28,23,42,34,34,29,32,31,31
T_77,10,12,8,10,9,8,9,9,18,17,19,19,16,18,17,17
T_78,12,15,10,12,10,10,11,11,31,40,22,32,27,30,29,29
T_79,22,26,18,21,18,18,20,19,12,16,13,9,11,12,12,12
T_80,37,45,31,36,31,30,34,32,20,26,21,21,12,20,19,19
T_81,19,22,15,18,15,15,17,16,32,41,33,33,28,22,30,30
T_82,21,25,17,20,17,17,19,18,11,15,12,12,10,11,8,11
T_83,10,12,8,10,9,8,9,9,10,12,10,10,8,9,9,6
T_84,27,32,22,26,22,22,24,23,35,46,37,37,31,35,34,34
T_85,8,14,9,11,9,9,10,10,29,37,30,30,25,28,28,27
T_86,8,7,7,8,7,7,7,7,38,50,40,40,34,37,37,36
T_87,31,37,18,30,26,25,28,27,11,15,12,12,10,11,11,11
T_88,16,20,14,11,14,13,15,14,38,50,40,40,34,37,37,36
T_89,34,41,28,33,20,28,31,29,25,32,26,26,22,24,24,24
T_90,16,20,14,16,14,9,15,14,33,42,34,34,29,32,31,31
T_91,9,11,8,9,8,8,6,8,8,10,8,8,7,7,7,7
T_92,35,42,29,34,29,28,32,21,10,12,10,10,8,9,9,9
T_93,20,24,16,19,16,16,18,17,17,31,25,25,21,23,23,23
T_94,33,40,27,32,27,27,30,29,32,29,33,33,28,31,30,30
T_95,13,16,11,13,11,11,12,12,38,50,28,40,34,37,37,36
T_96,22,26,18,21,18,18,20,19,21,27,22,15,18,21,20,20
T_97,34,41,28,33,28,28,31,29,21,27,22,22,13,21,20,20
T_98,12,15,10,12,10,10,11,11,24,31,25,25,21,16,23,23
T_99,10,12,8,10,9,8,9,9,24,31,25,25,21,23,16,23
T_100,38,46,31,37,31,31,35,33,11,15,12,12,10,11,11,8
T_101,31,37,25,30,26,25,28,27,16,21,17,17,14,16,16,15
T_102,29,50,34,40,34,33,37,36,30,39,31,31,26,29,28,28
T_103,12,10,10,12,10,10,11,11,25,32,26,26,22,24,24,24
T_104,41,50,24,40,34,33,37,36,37,49,39,39,33,37,36,36
T_105,27,32,22,18,22,22,24,23,31,40,32,32,27,30,29,29
T_106,35,42,29,34,20,28,32,30,33,42,34,34,29,32,31,31
T_107,8,10,7,8,7,5,7,7,12,16,13,13,11,12,12,12
T_108,10,12,8,10,9,8,7,9,19,25,20,20,17,19,18,18
T_109,26,31,21,25,21,21,23,16,37,49,39,39,33,37,36,36
T_110,34,41,28,33,28,28,31,29,10,19,15,15,13,14,14,14
T_111,41,50,34,40,34,33,37,36,15,14,16,16,13,15,15,15
T_112,23,27,19,22,19,18,21,20,17,22,13,18,15,17,17,16
T_113,23,27,19,22,19,18,21,20,33,44,35,24,29,33,32,32
T_114,26,31,21,25,21,21,23,22,22,29,23,23,14,22,21,21
T_115,26,31,21,25,21,21,23,22,10,12,10,10,8,7,9,9
T_116,12,15,10,12,10,10,11,11,25,32,26,26,22,24,17,24
T_117,18,21,14,17,14,14,16,15,32,41,33,33,28,31,30,21
T_118,32,39,26,31,26,26,29,28,19,25,20,20,17,19,18,18
T_119,19,32,22,26,22,22,24,23,21,27,22,22,18,21,20,20
T_120,40,34,33,39,33,33,36,35,38,50,40,40,34,37,37,36
T_121,33,40,19,32,27,27,30,29,25,32,26,26,22,24,24,24
T_122,35,42,29,24,29,28,32,30,8,10,8,8,7,7,7,7
T_123,13,16,11,13,8,11,12,12,31,40,32,32,27,30,29,29
T_124,21,25,17,20,17,12,19,18,26,34,27,27,23,25,25,25
T_125,40,49,33,39,33,33,25,35,26,34,27,27,23,25,25,25
T_126,15,19,13,15,13,13,14,9,22,29,23,23,19,22,21,21
T_127,16,20,14,16,14,13,15,14,17,31,25,25,21,23,23,23
T_128,19,22,15,18,15,15,17,16,11,10,12,12,10,11,11,11
T_129,36,44,30,35,30,29,33,31,14,19,10,15,13,14,14,14
T_130,24,29,20,23,20,19,21,21,28,36,29,20,24,27,27,26
T_131,10,12,8,10,9,8,9,9,33,42,34,34,20,32,31,31
T_132,27,32,22,26,22,22,24,23,11,15,12,12,10,8,11,11
T_133,34,41,28,33,28,28,31,29,9,11,9,9,8,8,6,8
T_134,21,25,17,20,17,17,19,18,13,17,14,14,12,13,13,9
T_135,23,27,19,22,19,18,21,20,8,10,8,8,7,7,7,7
T_136,29,50,34,40,34,33,37,36,33,42,34,34,29,32,31,31
T_137,27,23,22,26,22,22,24,23,26,34,27,27,23,25,25,25
T_138,8,10,5,8,7,7,7,7,26,34,27,27,23,25,25,25
T_139,33,40,27,22,27,27,30,29,20,26,21,21,18,20,19,19
T_140,28,34,23,27,16,23,25,24,23,30,24,24,20,22,22,22
T_141,28,34,23,27,23,16,25,24,38,50,40,40,34,37,37,36
T_142,24,29,20,23,20,19,15,21,22,29,23,23,19,22,21,21
T_143,26,31,21,25,21,21,23,16,25,32,26,26,22,24,24,24
T_144,12,15,10,12,10,10,11,11,21,39,31,31,26,29,28,28
T_145,15,19,13,15,13,13,14,13,32,29,33,33,28,31,30,30
T_146,30,36,25,29,25,24,27,26,17,22,13,18,15,17,17,16
T_147,35,42,29,34,29,28,32,30,33,44,35,24,29,33,32,32
T_148,12,15,10,12,10,10,11,11,36,47,38,38,22,36,35,35
T_149,9,11,8,9,8,8,8,8,24,31,25,25,21,16,23,23
T_150,14,17,12,14,12,12,13,13,8,10,8,8,7,7,5,7
T_151,8,10,7,8,7,7,7,7,34,45,36,36,30,34,33,23
T_152,35,42,29,34,29,28,32,30,21,27,22,22,18,21,20,20
T_153,19,34,23,27,23,23,25,24,12,16,13,13,11,12,12,12
T_154,28,24,23,27,23,23,25,24,22,29,23,23,19,22,21,21
T_155,22,26,12,21,18,18,20,19,15,20,16,16,13,15,15,15
T_156,25,30,20,17,20,20,22,21,29,37,30,30,25,28,28,27
T_157,41,50,34,40,24,33,37,36,34,45,36,36,30,34,33,33
T_158,24,29,20,23,20,13,21,21,23,30,24,24,20,22,22,22
T_159,27,32,22,26,22,22,17,23,27,35,28,28,24,26,26,26
T_160,32,39,26,31,26,26,29,19,28,36,29,29,24,27,27,26
T_161,34,41,28,33,28,28,31,29,24,45,36,36,30,34,33,33
T_162,19,22,15,18,15,15,17,16,9,8,9,9,8,8,8,8
T_163,36,44,30,35,30,29,33,31,35,46,26,37,31,35,34,34
T_164,39,47,32,38,32,32,35,34,22,29,23,16,19,22,21,21
T_165,26,31,21,25,21,21,23,22,35,46,37,37,22,35,34,34
T_166,8,10,7,8,7,7,7,7,17,22,18,18,15,12,17,16
T_167,37,45,31,36,31,30,34,32,36,47,38,38,32,36,24,35
T_168,23,27,19,22,19,18,21,20,26,34,27,27,23,25,25,17
T_169,13,16,11,13,11,11,12,12,27,35,28,28,24,26,26,26
T_170,17,29,20,23,20,19,21,21,14,19,15,15,13,14,14,14
T_171,16,14,14,16,14,13,15,14,30,39,31,31,26,29,28,28
T_172,31,37,18,30,26,25,28,27,20,26,21,21,18,20,19,19
T_173,37,45,31,25,31,30,34,32,15,20,16,16,13,15,15,15
T_174,25,30,20,24,14,20,22,21,10,12,10,10,8,9,9,9
T_175,29,35,24,28,24,16,26,25,33,42,34,34,29,32,31,31
T_176,30,36,25,29,25,24,19,26,25,32,26,26,22,24,24,24
T_177,37,45,31,36,31,30,34,23,10,12,10,10,8,9,9,9
T_178,9,11,8,9,8,8,8,8,20,37,30,30,25,28,28,27
T_179,38,46,31,37,31,31,35,33,38,35,40,40,34,37,37,36
T_180,24,29,20,23,20,19,21,21,8,10,6,8,7,7,7,7
T_181,38,46,31,37,31,31,35,33,38,50,40,28,34,37,37,36
T_182,19,22,15,18,15,15,17,16,27,35,28,28,16,26,26,26
T_183,39,47,32,38,32,32,35,34,31,40,32,32,27,21,29,29
T_184,28,34,23,27,23,23,25,24,37,49,39,39,33,37,25,36
T_185,29,35,24,28,24,23,26,25,16,21,17,17,14,16,16,11
T_186,15,19,13,15,13,13,14,13,11,15,12,12,10,11,11,11
T_187,22,39,26,31,26,26,29,28,17,22,18,18,15,17,17,16
T_188,22,18,18,21,18,18,20,19,34,45,36,36,30,34,33,33
T_189,16,20,10,16,14,13,15,14,34,45,36,36,30,34,33,33
T_190,10,12,8,7,9,8,9,9,26,34,27,27,23,25,25,25
T_191,35,42,29,34,20,28,32,30,13,17,14,14,12,13,13,13
T_192,27,32,22,26,22,15,24,23,28,36,29,29,24,27,27,26
T_193,10,12,8,10,9,8,7,9,12,16,13,13,11,12,12,12
T_194,31,37,25,30,26,25,28,19,8,10,8,8,7,7,7,7
T_195,41,50,34,40,34,33,37,36,27,50,40,40,34,37,37,36
T_196,8,10,7,8,7,7,7,7,23,21,24,24,20,22,22,22
T_197,41,50,34,40,34,33,37,36,17,22,13,18,15,17,17,16
T_198,29,35,24,28,24,23,26,25,13,17,14,10,12,13,13,13
T_199,33,40,27,32,27,27,30,29,34,45,36,36,21,34,33,33
T_200,40,49,33,39,33,33,36,35,33,42,34,34,29,22,31,31
T_201,18,21,14,17,14,14,16,15,13,17,14,14,12,13,9,13
T_202,12,15,10,12,10,10,11,11,19,25,20,20,17,19,18,13
T_203,19,22,15,18,15,15,17,16,9,11,9,9,8,8,8,8
T_204,26,45,31,36,31,30,34,32,9,11,9,9,8,8,8,8
T_205,37,31,31,36,31,30,34,32,14,19,15,15,13,14,14,14
T_206,28,34,16,27,23,23,25,24,8,10,8,8,7,7,7,7
T_207,14,17,12,10,12,12,13,13,33,44,35,35,29,33,32,32
T_208,30,36,25,29,17,24,27,26,23,30,24,24,20,22,22,22
T_209,13,16,11,13,11,8,12,12,25,32,26,26,22,24,24,24
T_210,8,10,7,8,7,7,5,7,14,19,15,15,13,14,14,14
T_211,41,50,34,40,34,33,37,25,21,27,22,22,18,21,20,20
T_212,25,30,20,24,20,20,22,21,11,20,16,16,13,15,15,15
T_213,19,22,15,18,15,15,17,16,28,25,29,29,24,27,27,26
T_214,14,17,12,14,12,12,13,13,15,20,11,16,13,15,15,15
T_215,37,45,31,36,31,30,34,32,11,15,12,8,10,11,11,11
T_216,35,42,29,34,29,28,32,30,23,30,24,24,14,22,22,22
T_217,14,17,12,14,12,12,13,13,21,27,22,22,18,14,20,20
T_218,21,25,17,20,17,17,19,18,27,35,28,28,24,26,18,26
T_219,9,11,8,9,8,8,8,8,33,42,34,34,29,32,31,22
T_220,9,11,8,9,8,8,8,8,20,26,21,21,18,20,19,19
T_221,11,19,13,15,13,13,14,13,16,21,17,17,14,16,16,15
T_222,8,7,7,8,7,7,7,7,19,25,20,20,17,19,18,18
T_223,36,44,21,35,30,29,33,31,33,44,35,35,29,33,32,32
T_224,25,30,20,17,20,20,22,21,33,44,35,35,29,33,32,32
T_225,27,32,22,26,15,22,24,23,16,21,17,17,14,16,16,15
T_226,15,19,13,15,13,9,14,13,26,34,27,27,23,25,25,25
T_227,23,27,19,22,19,18,14,20,18,24,19,19,16,18,17,17
T_228,16,20,14,16,14,13,15,10,12,16,13,13,11,12,12,12
T_229,30,36,25,29,25,24,27,26,13,25,20,20,17,19,18,18
T_230,16,20,14,16,14,13,15,14,19,17,20,20,17,19,18,18
T_231,12,15,10,12,10,10,11,11,17,22,13,18,15,17,17,16
T_232,25,30,20,24,20,20,22,21,12,16,13,9,11,12,12,12
T_233,23,27,19,22,19,18,21,20,22,29,23,23,14,22,21,21
T_234,29,35,24,28,24,23,26,25,11,15,12,12,10,8,11,11
T_235,35,42,29,34,29,28,32,30,17,22,18,18,15,17,12,16
T_236,22,26,18,21,18,18,20,19,33,44,35,35,29,33,32,22
T_237,18,21,14,17,14,14,16,15,14,19,15,15,13,14,14,14
T_238,14,25,17,20,17,17,19,18,33,42,34,34,29,32,31,31
T_239,36,31,30,35,30,29,33,31,8,10,8,8,7,7,7,7
T_240,36,44,21,35,30,29,33,31,9,11,9,9,8,8,8,8
T_241,18,21,14,12,14,14,16,15,8,10,8,8,7,7,7,7
T_242,28,34,23,27,16,23,25,24,17,22,18,18,15,17,17,16
T_243,20,24,16,19,16,11,18,17,20,26,21,21,18,20,19,19
T_244,13,16,11,13,11,11,8,12,37,49,39,39,33,37,36,36
T_245,21,25,17,20,17,17,19,13,10,12,10,10,8,9,9,9
T_246,21,25,17,20,17,17,19,18,24,45,36,36,30,34,33,33
T_247,19,22,15,18,15,15,17,16,12,11,13,13,11,12,12,12
T_248,13,16,11,13,11,11,12,12,27,35,20,28,24,26,26,26
T_249,24,29,20,23,20,19,21,21,38,50,40,28,34,37,37,36
T_250,12,15,10,12,10,10,11,11,16,21,17,17,10,16,16,15
T_251,19,22,15,18,15,15,17,16,17,22,18,18,15,12,17,16
T_252,36,44,30,35,30,29,33,31,8,10,8,8,7,7,5,7
T_253,15,19,13,15,13,13,14,13,9,11,9,9,8,8,8,6
T_254,35,42,29,34,29,28,32,30,27,35,28,28,24,26,26,26
T_255,6,10,7,8,7,7,7,7,16,21,17,17,14,16,16,15
T_256,9,8,8,9,8,8,8,8,22,29,23,23,19,22,21,21
T_257,8,10,5,8,7,7,7,7,15,20,16,16,13,15,15,15
T_258,19,22,15,13,15,15,17,16,23,30,24,24,20,22,22,22
T_259,22,26,18,21,12,18,20,19,12,16,13,13,11,12,12,12
T_260,40,49,33,39,33,23,36,35,28,36,29,29,24,27,27,26
T_261,10,12,8,10,9,8,7,9,18,24,19,19,16,18,17,17
T_262,37,45,31,36,31,30,34,23,11,14,11,11,9,10,10,10
T_263,13,16,11,13,11,11,12,12,11,21,17,17,14,16,16,15
T_264,29,35,24,28,24,23,26,25,11,10,11,11,9,10,10,10
T_265,41,50,34,40,34,33,37,36,22,29,16,23,19,22,21,21
T_266,18,21,14,17,14,14,16,15,34,45,36,25,30,34,33,33
T_267,19,22,15,18,15,15,17,16,34,45,36,36,21,34,33,33
T_268,8,10,7,8,7,7,7,7,23,30,24,24,20,16,22,22
T_269,9,11,8,9,8,8,8,8,27,35,28,28,24,26,18,26
T_270,29,35,24,28,24,23,26,25,31,40,32,32,27,30,29,20
T_271,18,21,14,17,14,14,16,15,34,45,36,36,30,34,33,33
T_272,17,29,20,23,20,19,21,21,12,16,13,13,11,12,12,12
T_273,16,14,14,16,14,13,15,14,19,25,20,20,17,19,18,18
T_274,25,30,14,24,20,20,22,21,36,47,38,38,32,36,35,35
T_275,13,16,11,9,11,11,12,12,36,47,38,38,32,36,35,35
T_276,30,36,25,29,17,24,27,26,33,44,35,35,29,33,32,32
T_277,20,24,16,19,16,11,18,17,8,10,8,8,7,7,7,7
T_278,11,14,9,11,9,9,7,10,10,12,10,10,8,9,9,9
T_279,18,21,14,17,14,14,16,11,29,37,30,30,25,28,28,27
T_280,11,14,9,11,9,9,10,10,21,40,32,32,27,30,29,29
T_281,24,29,20,23,20,19,21,21,34,31,36,36,30,34,33,33
T_282,37,45,31,36,31,30,34,32,30,39,22,31,26,29,28,28
T_283,37,45,31,36,31,30,34,32,25,32,26,18,22,24,24,24
T_284,25,30,20,24,20,20,22,21,15,20,16,16,9,15,15,15
T_285,29,35,24,28,24,23,26,25,8,10,8,8,7,5,7,7
T_286,33,40,27,32,27,27,30,29,27,35,28,28,24,26,18,26
T_287,37,45,31,36,31,30,34,32,17,22,18,18,15,17,17,11
T_288,13,16,11,13,11,11,12,12,36,47,38,38,32,36,35,35
T_289,14,25,17,20,17,17,19,18,11,15,12,12,10,11,11,11
T_290,39,33,32,38,32,32,35,34,37,49,39,39,33,37,36,36
T_291,39,47,23,38,32,32,35,34,10,12,10,10,8,9,9,9
T_292,36,44,30,25,30,29,33,31,17,22,18,18,15,17,17,16
T_293,8,10,7,8,5,7,7,7,8,10,8,8,7,7,7,7
T_294,10,12,8,10,9,6,9,9,9,11,9,9,8,8,8,8
T_295,31,37,25,30,26,25,20,27,12,16,13,13,11,12,12,12
T_296,33,40,27,32,27,27,30,20,36,47,38,38,32,36,35,35
T_297,37,45,31,36,31,30,34,32,23,44,35,35,29,33,32,32
T_298,32,39,26,31,26,26,29,28,26,24,27,27,23,25,25,25
T_299,27,32,22,26,22,22,24,23,27,35,20,28,24,26,26,26
T_300,16,20,14,16,14,13,15,14,20,26,21,15,18,20,19,19
T_301,8,10,7,8,7,7,7,7,28,36,29,29,17,27,27,26
T_302,29,35,24,28,24,23,26,25,12,16,13,13,11,9,12,12
T_303,19,22,15,18,15,15,17,16,13,17,14,14,12,13,9,13
T_304,39,47,32,38,32,32,35,34,33,42,34,34,29,32,31,22
T_305,12,15,10,12,10,10,11,11,33,42,34,34,29,32,31,31
T_306,28,49,33,39,33,33,36,35,25,32,26,26,22,24,24,24
T_307,10,9,8,10,9,8,9,9,35,46,37,37,31,35,34,34
T_308,19,22,11,18,15,15,17,16,14,19,15,15,13,14,14,14
T_309,8,10,7,6,7,7,7,7,18,24,19,19,16,18,17,17
T_310,9,11,8,9,5,8,8,8,35,46,37,37,31,35,34,34
T_311,13,16,11,13,11,8,12,12,34,45,36,36,30,34,33,33
T_312,39,47,32,38,32,32,25,34,12,16,13,13,11,12,12,12
T_313,36,44,30,35,30,29,33,22,21,27,22,22,18,21,20,20
T_314,28,34,23,27,23,23,25,24,11,20,16,16,13,15,15,15
T_315,29,35,24,28,24,23,26,25,11,10,12,12,10,11,11,11
T_316,22,26,18,21,18,18,20,19,36,47,27,38,32,36,35,35
T_317,30,36,25,29,25,24,27,26,36,47,38,26,32,36,35,35
T_318,13,16,11,13,11,11,12,12,21,27,22,22,13,21,20,20
T_319,14,17,12,14,12,12,13,13,9,11,9,9,8,6,8,8
T_320,35,42,29,34,29,28,32,30,24,31,25,25,21,23,16,23
T_321,35,42,29,34,29,28,32,30,25,32,26,26,22,24,24,17
T_322,27,32,22,26,22,22,24,23,15,20,16,16,13,15,15,15
T_323,27,46,31,37,31,31,35,33,11,15,12,12,10,11,11,11
T_324,15,13,13,15,13,13,14,13,30,39,31,31,26,29,28,28
T_325,20,24,11,19,16,16,18,17,19,25,20,20,17,19,18,18
T_326,38,46,31,26,31,31,35,33,37,49,39,39,33,37,36,36
T_327,37,45,31,36,21,30,34,32,15,20,16,16,13,15,15,15
T_328,13,16,11,13,11,8,12,12,21,27,22,22,18,21,20,20
T_329,23,27,19,22,19,18,14,20,17,22,18,18,15,17,17,16
T_330,16,20,14,16,14,13,15,10,29,37,30,30,25,28,28,27
T_331,12,15,10,12,10,10,11,11,11,21,17,17,14,16,16,15
T_332,39,47,32,38,32,32,35,34,27,24,28,28,24,26,26,26
T_333,39,47,32,38,32,32,35,34,8,10,6,8,7,7,7,7
T_334,23,27,19,22,19,18,21,20,37,49,39,27,33,37,36,36
T_335,9,11,8,9,8,8,8,8,31,40,32,32,19,30,29,29
T_336,26,31,21,25,21,21,23,22,29,37,30,30,25,20,28,27
T_337,27,32,22,26,22,22,24,23,38,50,40,40,34,37,26,36
T_338,16,20,14,16,14,13,15,14,11,15,12,12,10,11,11,8
T_339,12,15,10,12,10,10,11,11,25,32,26,26,22,24,24,24
T_340,22,39,26,31,26,26,29,28,37,49,39,39,33,37,36,36
T_341,21,17,17,20,17,17,19,18,33,42,34,34,29,32,31,31
T_342,40,49,23,39,33,33,36,35,11,15,12,12,10,11,11,11
T_343,16,20,14,11,14,13,15,14,8,10,8,8,7,7,7,7
T_344,23,27,19,22,13,18,21,20,33,44,35,35,29,33,32,32
T_345,19,22,15,18,15,11,17,16,14,19,15,15,13,14,14,14
T_346,31,37,25,30,26,25,20,27,19,25,20,20,17,19,18,18
T_347,18,21,14,17,14,14,16,11,28,36,29,29,24,27,27,26
T_348,29,35,24,28,24,23,26,25,7,12,10,10,8,9,9,9
T_349,8,10,7,8,7,7,7,7,22,20,23,23,19,22,21,21
T_350,40,49,33,39,33,33,36,35,22,29,16,23,19,22,21,21
T_351,33,40,27,32,27,27,30,29,24,31,25,17,21,23,23,23
T_352,31,37,25,30,26,25,28,27,33,44,35,35,21,33,32,32
T_353,41,50,34,40,34,33,37,36,38,50,40,40,34,26,37,36
T_354,12,15,10,12,10,10,11,11,29,37,30,30,25,28,19,27
T_355,27,32,22,26,22,22,24,23,22,29,23,23,19,22,21,15
T_356,40,49,33,39,33,33,36,35,11,14,11,11,9,10,10,10
T_357,25,42,29,34,29,28,32,30,26,34,27,27,23,25,25,25
T_358,12,10,10,12,10,10,11,11,22,29,23,23,19,22,21,21
T_359,8,10,5,8,7,7,7,7,20,26,21,21,18,20,19,19
T_360,36,44,30,25,30,29,33,31,26,34,27,27,23,25,25,25
T_361,15,19,13,15,9,13,14,13,9,11,9,9,8,8,8,8
T_362,21,25,17,20,17,12,19,18,23,30,24,24,20,22,22,22
T_363,30,36,25,29,25,24,19,26,16,21,17,17,14,16,16,15
T_364,10,12,8,10,9,8,9,6,32,41,33,33,28,31,30,30
T_365,24,29,20,23,20,19,21,21,17,32,26,26,22,24,24,24
T_366,24,29,20,23,20,19,21,21,27,24,28,28,24,26,26,26
T_367,26,31,21,25,21,21,23,22,30,39,22,31,26,29,28,28
T_368,36,44,30,35,30,29,33,31,34,45,36,25,30,34,33,33
T_369,41,50,34,40,34,33,37,36,17,22,18,18,11,17,17,16
T_370,31,37,25,30,26,25,28,27,26,34,27,27,23,18,25,25
T_371,24,29,20,23,20,19,21,21,35,46,37,37,31,35,24,34
T_372,11,14,9,11,9,9,10,10,9,11,9,9,8,8,8,6
T_373,28,34,23,27,23,23,25,24,19,25,20,20,17,19,18,18
T_374,17,29,20,23,20,19,21,21,17,22,18,18,15,17,17,16
T_375,22,18,18,21,18,18,20,19,12,16,13,13,11,12,12,12
T_376,28,34,16,27,23,23,25,24,13,17,14,14,12,13,13,13
T_377,9,11,8,6,8,8,8,8,18,24,19,19,16,18,17,17
T_378,25,30,20,24,14,20,22,21,8,10,8,8,7,7,7,7
T_379,18,21,14,17,14,10,16,15,34,45,36,36,30,34,33,33
T_380,34,41,28,33,28,28,22,29,23,30,24,24,20,22,22,22
T_381,27,32,22,26,22,22,24,16,21,27,22,22,18,21,20,20
T_382,29,35,24,28,24,23,26,25,18,34,27,27,23,25,25,25
T_383,32,39,26,31,26,26,29,28,19,17,20,20,17,19,18,18
T_384,37,45,31,36,31,30,34,32,25,32,18,26,22,24,24,24
T_385,19,22,15,18,15,15,17,16,34,45,36,25,30,34,33,33
T_386,28,34,23,27,23,23,25,24,30,39,31,31,18,29,28,28
T_387,38,46,31,37,31,31,35,33,33,44,35,35,29,23,32,32
T_388,9,11,8,9,8,8,8,8,32,41,33,33,28,31,21,30
T_389,21,25,17,20,17,17,19,18,28,36,29,29,24,27,27,18
T_390,19,22,15,18,15,15,17,16,29,37,30,30,25,28,28,27
T_391,9,16,11,13,11,11,12,12,32,41,33,33,28,31,30,30
T_392,14,12,12,14,12,12,13,13,11,14,11,11,9,10,10,10
T_393,20,24,11,19,16,16,18,17,25,32,26,26,22,24,24,24
T_394,8,10,7,6,7,7,7,7,13,17,14,14,12,13,13,13
T_395,37,45,31,36,21,30,34,32,38,50,40,40,34,37,37,36
T_396,25,30,20,24,20,14,22,21,11,15,12,12,10,11,11,11
T_397,23,27,19,22,19,18,14,20,18,24,19,19,16,18,17,17
T_398,28,34,23,27,23,23,25,17,10,12,10,10,8,9,9,9
T_399,21,25,17,20,17,17,19,18,21,40,32,32,27,30,29,29
T_400,27,32,22,26,22,22,24,23,8,7,8,8,7,7,7,7
T_401,37,45,31,36,31,30,34,32,12,16,9,13,11,12,12,12
T_402,32,39,26,31,26,26,29,28,25,32,26,18,22,24,24,24
T_403,36,44,30,35,30,29,33,31,16,21,17,17,10,16,16,15
T_404,34,41,28,33,28,28,31,29,12,16,13,13,11,9,12,12
T_405,30,36,25,29,25,24,27,26,33,44,35,35,29,33,22,32
T_406,31,37,25,30,26,25,28,27,20,26,21,21,18,20,19,13
T_407,34,41,28,33,28,28,31,29,30,39,31,31,26,29,28,28
T_408,8,14,9,11,9,9,10,10,36,47,38,38,32,36,35,35
T_409,27,23,22,26,22,22,24,23,25,32,26,26,22,24,24,24
T_410,14,17,8,14,12,12,13,13,12,16,13,13,11,12,12,12
T_411,41,50,34,28,34,33,37,36,33,44,35,35,29,33,32,32
T_412,12,15,10,12,7,10,11,11,31,40,32,32,27,30,29,29
T_413,20,24,16,19,16,11,18,17,16,21,17,17,14,16,16,15
T_414,10,12,8,10,9,8,7,9,32,41,33,33,28,31,30,30
T_415,33,40,27,32,27,27,30,20,18,24,19,19,16,18,17,17
T_416,8,10,7,8,7,7,7,7,12,22,18,18,15,17,17,16
T_417,13,16,11,13,11,11,12,12,11,10,12,12,10,11,11,11
T_418,27,32,22,26,22,22,24,23,17,22,13,18,15,17,17,16
T_419,18,21,14,17,14,14,16,15,24,31,25,17,21,23,23,23
T_420,13,16,11,13,11,11,12,12,11,14,11,11,6,10,10,10
T_421,36,44,30,35,30,29,33,31,33,44,35,35,29,23,32,32
T_422,22,26,18,21,18,18,20,19,8,10,8,8,7,7,5,7
T_423,32,39,26,31,26,26,29,28,20,26,21,21,18,20,19,13
T_424,39,47,32,38,32,32,35,34,23,30,24,24,20,22,22,22
T_425,19,32,22,26,22,22,24,23,24,31,25,25,21,23,23,23
T_426,13,11,11,13,11,11,12,12,25,32,26,26,22,24,24,24
T_427,36,44,21,35,30,29,33,31,30,39,31,31,26,29,28,28
T_428,33,40,27,22,27,27,30,29,19,25,20,20,17,19,18,18
T_429,18,21,14,17,10,14,16,15,35,46,37,37,31,35,34,34
T_430,34,41,28,33,28,19,31,29,36,47,38,38,32,36,35,35
T_431,20,24,16,19,16,16,12,17,24,31,25,25,21,23,23,23
T_432,19,22,15,18,15,15,17,11,27,35,28,28,24,26,26,26
T_433,12,15,10,12,10,10,11,11,5,10,8,8,7,7,7,7
T_434,19,22,15,18,15,15,17,16,8,7,8,8,7,7,7,7
T_435,26,31,21,25,21,21,23,22,24,31,17,25,21,23,23,23
T_436,11,14,9,11,9,9,10,10,20,26,21,15,18,20,19,19
T_437,36,44,30,35,30,29,33,31,34,45,36,36,21,34,33,33
T_438,8,10,7,8,7,7,7,7,19,25,20,20,17,13,18,18
T_439,22,26,18,21,18,18,20,19,21,27,22,22,18,21,14,20
T_440,25,30,20,24,20,20,22,21,11,15,12,12,10,11,11,8
T_441,26,31,21,25,21,21,23,22,31,40,32,32,27,30,29,29
T_442,19,32,22,26,22,22,24,23,21,27,22,22,18,21,20,20
T_443,32,27,26,31,26,26,29,28,31,40,32,32,27,30,29,29
T_444,21,25,12,20,17,17,19,18,38,50,40,40,34,37,37,36
T_445,38,46,31,26,31,31,35,33,8,10,8,8,7,7,7,7
T_446,39,47,32,38,23,32,35,34,11,14,11,11,9,10,10,10
T_447,26,31,21,25,21,15,23,22,13,17,14,14,12,13,13,13
T_448,29,35,24,28,24,23,18,25,29,37,30,30,25,28,28,27
T_449,8,10,7,8,7,7,7,5,18,24,19,19,16,18,17,17
T_450,8,10,7,8,7,7,7,7,7,12,10,10,8,9,9,9
T_451,26,31,21,25,21,21,23,22,17,16,18,18,15,17,17,16
T_452,22,26,18,21,18,18,20,19,28,36,20,29,24,27,27,26
T_453,37,45,31,36,31,30,34,32,30,39,31,22,26,29,28,28
T_454,21,25,17,20,17,17,19,18,18,24,19,19,11,18,17,17
T_455,23,27,19,22,19,18,21,20,20,26,21,21,18,14,19,19
T_456,12,15,10,12,10,10,11,11,13,17,14,14,12,13,9,13
T_457,33,40,27,32,27,27,30,29,32,41,33,33,28,31,30,21
T_458,23,27,19,22,19,18,21,20,33,44,35,35,29,33,32,32
T_459,23,40,27,32,27,27,30,29,28,36,29,29,24,27,27,26
T_460,41,35,34,40,34,33,37,36,13,17,14,14,12,13,13,13
T_461,8,10,5,8,7,7,7,7,33,44,35,35,29,33,32,32
T_462,11,14,9,8,9,9,10,10,14,19,15,15,13,14,14,14
T_463,14,17,12,14,8,12,13,13,22,29,23,23,19,22,21,21
T_464,31,37,25,30,26,18,28,27,26,34,27,27,23,25,25,25
T_465,20,24,16,19,16,16,12,17,13,17,14,14,12,13,13,13
T_466,10,12,8,10,9,8,9,6,25,32,26,26,22,24,24,24
T_467,19,22,15,18,15,15,17,16,13,24,19,19,16,18,17,17
T_468,30,36,25,29,25,24,27,26,37,34,39,39,33,37,36,36
T_469,32,39,26,31,26,26,29,28,30,39,22,31,26,29,28,28
T_470,20,24,16,19,16,16,18,17,28,36,29,20,24,27,27,26
T_471,22,26,18,21,18,18,20,19,9,11,9,9,5,8,8,8
T_472,14,17,12,14,12,12,13,13,18,24,19,19,16,12,17,17
T_473,34,41,28,33,28,28,31,29,29,37,30,30,25,28,19,27
T_474,36,44,30,35,30,29,33,31,38,50,40,40,34,37,37,26
T_475,30,36,25,29,25,24,27,26,13,17,14,14,12,13,13,13
T_476,10,17,12,14,12,12,13,13,31,40,32,32,27,30,29,29
T_477,36,31,30,35,30,29,33,31,10,12,10,10,8,9,9,9
T_478,15,19,9,15,13,13,14,13,9,11,9,9,8,8,8,8
T_479,24,29,20,16,20,19,21,21,37,49,39,39,33,37,36,36
T_480,28,34,23,27,16,23,25,24,27,35,28,28,24,26,26,26
T_481,14,17,12,14,12,8,13,13,12,16,13,13,11,12,12,12
T_482,27,32,22,26,22,22,17,23,17,22,18,18,15,17,17,16
T_483,20,24,16,19,16,16,18,12,32,41,33,33,28,31,30,30
T_484,40,49,33,39,33,33,36,35,23,44,35,35,29,33,32,32
T_485,32,39,26,31,26,26,29,28,36,33,38,38,32,36,35,35
T_486,30,36,25,29,25,24,27,26,20,26,15,21,18,20,19,19
T_487,9,11,8,9,8,8,8,8,25,32,26,18,22,24,24,24
T_488,20,24,16,19,16,16,18,17,12,16,13,13,8,12,12,12
T_489,31,37,25,30,26,25,28,27,23,30,24,24,20,16,22,22
T_490,41,50,34,40,34,33,37,36,29,37,30,30,25,28,19,27
T_491,14,17,12,14,12,12,13,13,18,24,19,19,16,18,17,12
T_492,33,40,27,32,27,27,30,29,13,17,14,14,12,13,13,13
T_493,7,12,8,10,9,8,9,9,36,47,38,38,32,36,35,35
T_494,9,8,8,9,8,8,8,8,19,25,20,20,17,19,18,18
T_495,40,49,23,39,33,33,36,35,9,11,9,9,8,8,8,8
T_496,29,35,24,20,24,23,26,25,25,32,26,26,22,24,24,24
T_497,13,16,11,13,8,11,12,12,30,39,31,31,26,29,28,28
T_498,19,22,15,18,15,11,17,16,19,25,20,20,17,19,18,18
T_499,34,41,28,33,28,28,22,29,27,35,28,28,24,26,26,26
T_500,36,44,30,35,30,29,33,22,11,15,12,12,10,11,11,11
T_501,39,47,32,38,32,32,35,34,17,31,25,25,21,23,23,23
T_502,22,26,18,21,18,18,20,19,11,10,11,11,9,10,10,10
T_503,27,32,22,26,22,22,24,23,34,45,25,36,30,34,33,33
T_504,13,16,11,13,11,11,12,12,26,34,27,19,23,25,25,25
T_505,25,30,20,24,20,20,22,21,12,16,13,13,8,12,12,12
T_506,31,37,25,30,26,25,28,27,9,11,9,9,8,6,8,8
T_507,20,24,16,19,16,16,18,17,10,12,10,10,8,9,6,9
T_508,14,17,12,14,12,12,13,13,36,47,38,38,32,36,35,24
T_509,39,47,32,38,32,32,35,34,31,40,32,32,27,30,29,29
T_510,14,25,17,20,17,17,19,18,33,44,35,35,29,33,32,32
T_511,9,8,8,9,8,8,8,8,24,31,25,25,21,23,23,23
T_512,27,32,15,26,22,22,24,23,8,10,8,8,7,7,7,7
T_513,32,39,26,22,26,26,29,28,31,40,32,32,27,30,29,29
T_514,21,25,17,20,12,17,19,18,21,27,22,22,18,21,20,20
T_515,29,35,24,28,24,16,26,25,32,41,33,33,28,31,30,30
T_516,12,15,10,12,10,10,8,11,14,19,15,15,13,14,14,14
T_517,26,31,21,25,21,21,23,16,14,19,15,15,13,14,14,14
T_518,11,14,9,11,9,9,10,10,21,39,31,31,26,29,28,28
T_519,37,45,31,36,31,30,34,32,9,8,9,9,8,8,8,8
T_520,28,34,23,27,23,23,25,24,16,21,12,17,14,16,16,15
T_521,13,16,11,13,11,11,12,12,22,29,23,16,19,22,21,21
T_522,9,11,8,9,8,8,8,8,8,10,8,8,5,7,7,7
T_523,10,12,8,10,9,8,9,9,20,26,21,21,18,14,19,19
T_524,39,47,32,38,32,32,35,34,16,21,17,17,14,16,11,15
T_525,33,40,27,32,27,27,30,29,25,32,26,26,22,24,24,17
T_526,36,44,30,35,30,29,33,31,21,27,22,22,18,21,20,20
T_527,18,31,21,25,21,21,23,22,21,27,22,22,18,21,20,20
T_528,8,7,7,8,7,7,7,7,38,50,40,40,34,37,37,36
T_529,33,40,19,32,27,27,30,29,10,12,10,10,8,9,9,9
T_530,23,27,19,15,19,18,21,20,32,41,33,33,28,31,30,30
T_531,34,41,28,33,20,28,31,29,23,30,24,24,20,22,22,22
T_532,15,19,13,15,13,9,14,13,28,36,29,29,24,27,27,26
T_533,15,19,13,15,13,13,10,13,31,40,32,32,27,30,29,29
T_534,32,39,26,31,26,26,29,19,24,31,25,25,21,23,23,23
T_535,9,11,8,9,8,8,8,8,16,30,24,24,20,22,22,22
T_536,18,21,14,17,14,14,16,15,24,22,25,25,21,23,23,23
T_537,24,29,20,23,20,19,21,21,13,17,10,14,12,13,13,13
T_538,8,10,7,8,7,7,7,7,30,39,31,22,26,29,28,28
T_539,22,26,18,21,18,18,20,19,28,36,29,29,17,27,27,26
T_540,18,21,14,17,14,14,16,15,12,16,13,13,11,9,12,12
T_541,27,32,22,26,22,22,24,23,20,26,21,21,18,20,13,19
T_542,23,27,19,22,19,18,21,20,33,44,35,35,29,33,32,22
T_543,23,27,19,22,19,18,21,20,9,11,9,9,8,8,8,8
T_544,29,50,34,40,34,33,37,36,29,37,30,30,25,28,28,27
T_545,10,9,8,10,9,8,9,9,8,10,8,8,7,7,7,7
T_546,34,41,20,33,28,28,31,29,8,10,8,8,7,7,7,7
T_547,25,30,20,17,20,20,22,21,12,16,13,13,11,12,12,12
T_548,30,36,25,29,17,24,27,26,19,25,20,20,17,19,18,18
T_549,33,40,27,32,27,19,30,29,9,11,9,9,8,8,8,8
T_550,26,31,21,25,21,21,16,22,10,12,10,10,8,9,9,9
T_551,25,30,20,24,20,20,22,15,33,42,34,34,29,32,31,31
T_552,26,31,21,25,21,21,23,22,17,32,26,26,22,24,24,24
T_553,14,17,12,14,12,12,13,13,22,20,23,23,19,22,21,21
T_554,32,39,26,31,26,26,29,28,17,22,13,18,15,17,17,16
T_555,30,36,25,29,25,24,27,26,11,14,11,8,9,10,10,10
T_556,13,16,11,13,11,11,12,12,38,50,40,40,24,37,37,36
T_557,22,26,18,21,18,18,20,19,15,20,16,16,13,10,15,15
T_558,36,44,30,35,30,29,33,31,38,50,40,40,34,37,26,36
T_559,9,11,8,9,8,8,8,8,22,29,23,23,19,22,21,15
T_560,31,37,25,30,26,25,28,27,20,26,21,21,18,20,19,19
T_561,6,10,7,8,7,7,7,7,13,17,14,14,12,13,13,13
T_562,8,7,7,8,7,7,7,7,9,11,9,9,8,8,8,8
T_563,13,16,8,13,11,11,12,12,8,10,8,8,7,7,7,7
T_564,21,25,17,14,17,17,19,18,25,32,26,26,22,24,24,24
T_565,9,11,8,9,5,8,8,8,21,27,22,22,18,21,20,20
T_566,10,12,8,10,9,6,9,9,27,35,28,28,24,26,26,26
T_567,35,42,29,34,29,28,22,30,34,45,36,36,30,34,33,33
T_568,27,32,22,26,22,22,24,16,33,44,35,35,29,33,32,32
T_569,24,29,20,23,20,19,21,21,17,31,25,25,21,23,23,23
T_570,19,22,15,18,15,15,17,16,13,12,14,14,12,13,13,13
T_571,11,14,9,11,9,9,10,10,38,50,28,40,34,37,37,36
T_572,41,50,34,40,34,33,37,36,28,36,29,20,24,27,27,26
T_573,16,20,14,16,14,13,15,14,11,15,12,12,7,11,11,11
T_574,41,50,34,40,34,33,37,36,25,32,26,26,22,17,24,24
T_575,24,29,20,23,20,19,21,21,9,11,9,9,8,8,6,8
T_576,22,26,18,21,18,18,20,19,33,42,34,34,29,32,31,22
T_577,14,17,12,14,12,12,13,13,11,15,12,12,10,11,11,11
T_578,6,11,8,9,8,8,8,8,33,44,35,35,29,33,32,32
T_579,8,7,7,8,7,7,7,7,12,16,13,13,11,12,12,12
T_580,27,32,15,26,22,22,24,23,13,17,14,14,12,13,13,13
T_581,23,27,19,15,19,18,21,20,32,41,33,33,28,31,30,30
T_582,29,35,24,28,17,23,26,25,20,26,21,21,18,20,19,19
T_583,37,45,31,36,31,21,34,32,25,32,26,26,22,24,24,24
T_584,36,44,30,35,30,29,23,31,32,41,33,33,28,31,30,30
T_585,26,31,21,25,21,21,23,16,18,24,19,19,16,18,17,17
T_586,14,17,12,14,12,12,13,13,19,36,29,29,24,27,27,26
T_587,41,50,34,40,34,33,37,36,16,15,17,17,14,16,16,15
T_588,30,36,25,29,25,24,27,26,22,29,16,23,19,22,21,21
T_589,12,15,10,12,10,10,11,11,22,29,23,16,19,22,21,21
T_590,27,32,22,26,22,22,24,23,32,41,33,33,19,31,30,30
T_591,9,11,8,9,8,8,8,8,27,35,28,28,24,18,26,26
T_592,35,42,29,34,29,28,32,30,32,41,33,33,28,31,21,30
T_593,12,15,10,12,10,10,11,11,35,46,37,37,31,35,34,24
T_594,36,44,30,35,30,29,33,31,12,16,13,13,11,12,12,12
T_595,9,16,11,13,11,11,12,12,30,39,31,31,26,29,28,28
T_596,14,12,12,14,12,12,13,13,18,24,19,19,16,18,17,17
T_597,34,41,20,33,28,28,31,29,20,26,21,21,18,20,19,19
T_598,22,26,18,15,18,18,20,19,38,50,40,40,34,37,37,36
T_599,27,32,22,26,15,22,24,23,22,29,23,23,19,22,21,21
T_600,34,41,28,33,28,19,31,29,33,42,34,34,29,32,31,31
T_601,20,24,16,19,16,16,12,17,38,50,40,40,34,37,37,36
T_602,30,36,25,29,25,24,27,18,19,25,20,20,17,19,18,18
T_603,18,21,14,17,14,14,16,15,15,27,22,22,18,21,20,20
T_604,24,29,20,23,20,19,21,21,33,30,35,35,29,33,32,32
T_605,24,29,20,23,20,19,21,21,30,39,22,31,26,29,28,28
T_606,34,41,28,33,28,28,31,29,24,31,25,17,21,23,23,23
T_607,29,35,24,28,24,23,26,25,25,32,26,26,15,24,24,24
T_608,34,41,28,33,28,28,31,29,33,42,34,34,29,22,31,31
T_609,38,46,31,37,31,31,35,33,17,22,18,18,15,17,12,16
T_610,13,16,11,13,11,11,12,12,20,26,21,21,18,20,19,13
T_611,32,39,26,31,26,26,29,28,38,50,40,40,34,37,37,36
T_612,14,24,16,19,16,16,18,17,22,29,23,23,19,22,21,21
T_613,22,18,18,21,18,18,20,19,36,47,38,38,32,36,35,35
T_614,41,50,24,40,34,33,37,36,27,35,28,28,24,26,26,26
T_615,24,29,20,16,20,19,21,21,9,11,9,9,8,8,8,8
T_616,35,42,29,34,20,28,32,30,35,46,37,37,31,35,34,34
T_617,41,50,34,40,34,23,37,36,25,32,26,26,22,24,24,24
T_618,21,25,17,20,17,17,13,18,19,25,20,20,17,19,18,18
T_619,23,27,19,22,19,18,21,14,14,19,15,15,13,14,14,14
T_620,36,44,30,35,30,29,33,31,8,15,12,12,10,11,11,11
T_621,32,39,26,31,26,26,29,28,36,33,38,38,32,36,35,35
T_622,26,31,21,25,21,21,23,22,35,46,26,37,31,35,34,34
T_623,27,32,22,26,22,22,24,23,25,32,26,18,22,24,24,24
T_624,35,42,29,34,29,28,32,30,14,19,15,15,9,14,14,14
T_625,19,22,15,18,15,15,17,16,12,16,13,13,11,9,12,12
T_626,22,26,18,21,18,18,20,19,22,29,23,23,19,22,15,21
T_627,41,50,34,40,34,33,37,36,11,14,11,11,9,10,10,7
T_628,24,29,20,23,20,19,21,21,11,15,12,12,10,11,11,11
T_629,27,47,32,38,32,32,35,34,31,40,32,32,27,30,29,29
T_630,29,24,24,28,24,23,26,25,13,17,14,14,12,13,13,13
T_631,9,11,5,9,8,8,8,8,23,30,24,24,20,22,22,22
T_632,38,46,31,26,31,31,35,33,21,27,22,22,18,21,20,20
T_633,27,32,22,26,15,22,24,23,15,20,16,16,13,15,15,15
T_634,21,25,17,20,17,12,19,18,36,47,38,38,32,36,35,35
T_635,15,19,13,15,13,13,10,13,30,39,31,31,26,29,28,28
T_636,12,15,10,12,10,10,11,8,8,10,8,8,7,7,7,7
T_637,39,47,32,38,32,32,35,34,27,50,40,40,34,37,37,36
T_638,38,46,31,37,31,31,35,33,9,8,9,9,8,8,8,8
T_639,27,32,22,26,22,22,24,23,35,46,26,37,31,35,34,34
T_640,15,19,13,15,13,13,14,13,10,12,10,7,8,9,9,9
T_641,13,16,11,13,11,11,12,12,13,17,14,14,8,13,13,13
T_642,24,29,20,23,20,19,21,21,31,40,32,32,27,21,29,29
T_643,11,14,9,11,9,9,10,10,11,14,11,11,9,10,7,10
T_644,12,15,10,12,10,10,11,11,27,35,28,28,24,26,26,18
T_645,33,40,27,32,27,27,30,29,11,14,11,11,9,10,10,10
T_646,10,17,12,14,12,12,13,13,20,26,21,21,18,20,19,19
T_647,25,21,20,24,20,20,22,21,21,27,22,22,18,21,20,20
T_648,23,27,13,22,19,18,21,20,24,31,25,25,21,23,23,23
T_649,16,20,14,11,14,13,15,14,31,40,32,32,27,30,29,29
T_650,39,47,32,38,23,32,35,34,9,11,9,9,8,8,8,8
T_651,32,39,26,31,26,18,29,28,28,36,29,29,24,27,27,26
T_652,8,10,7,8,7,7,5,7,29,37,30,30,25,28,28,27
T_653,41,50,34,40,34,33,37,25,37,49,39,39,33,37,36,36
T_654,9,11,8,9,8,8,8,8,7,12,10,10,8,9,9,9
T_655,38,46,31,37,31,31,35,33,16,15,17,17,14,16,16,15
T_656,10,12,8,10,9,8,9,9,24,31,17,25,21,23,23,23
T_657,14,17,12,14,12,12,13,13,18,24,19,13,16,18,17,17
T_658,33,40,27,32,27,27,30,29,25,32,26,26,15,24,24,24
T_659,11,14,9,11,9,9,10,10,24,31,25,25,21,16,23,23
T_660,29,35,24,28,24,23,26,25,9,11,9,9,8,8,6,8
T_661,11,14,9,11,9,9,10,10,38,50,40,40,34,37,37,26
T_662,22,26,18,21,18,18,20,19,19,25,20,20,17,19,18,18
T_663,16,27,19,22,19,18,21,20,17,22,18,18,15,17,17,16
T_664,26,22,21,25,21,21,23,22,15,20,16,16,13,15,15,15
T_665,33,40,19,32,27,27,30,29,11,14,11,11,9,10,10,10
T_666,9,11,8,6,8,8,8,8,29,37,30,30,25,28,28,27
T_667,30,36,25,29,17,24,27,26,33,44,35,35,29,33,32,32
T_668,31,37,25,30,26,18,28,27,8,10,8,8,7,7,7,7
T_669,40,49,33,39,33,33,25,35,37,49,39,39,33,37,36,36
T_670,10,12,8,10,9,8,9,6,11,15,12,12,10,11,11,11
T_671,18,21,14,17,14,14,16,15,27,50,40,40,34,37,37,36
T_672,26,31,21,25,21,21,23,22,37,34,39,39,33,37,36,36
T_673,20,24,16,19,16,16,18,17,28,36,20,29,24,27,27,26
T_674,27,32,22,26,22,22,24,23,22,29,23,16,19,22,21,21
T_675,26,31,21,25,21,21,23,22,30,39,31,31,18,29,28,28
T_676,9,11,8,9,8,8,8,8,20,26,21,21,18,14,19,19
T_677,41,50,34,40,34,33,37,36,21,27,22,22,18,21,14,20
T_678,21,25,17,20,17,17,19,18,9,11,9,9,8,8,8,6
T_679,19,22,15,18,15,15,17,16,17,22,18,18,15,17,17,16
T_680,12,20,14,16,14,13,15,14,30,39,31,31,26,29,28,28
T_681,11,10,9,11,9,9,10,10,17,22,18,18,15,17,17,16
T_682,31,37,18,30,26,25,28,27,8,10,8,8,7,7,7,7
T_683,36,44,30,25,30,29,33,31,22,29,23,23,19,22,21,21
T_684,8,10,7,8,5,7,7,7,11,15,12,12,10,11,11,11
T_685,40,49,33,39,33,23,36,35,15,20,16,16,13,15,15,15
T_686,12,15,10,12,10,10,8,11,28,36,29,29,24,27,27,26
T_687,41,50,34,40,34,33,37,25,13,17,14,14,12,13,13,13
T_688,40,49,33,39,33,33,36,35,21,39,31,31,26,29,28,28
T_689,30,36,25,29,25,24,27,26,19,17,20,20,17,19,18,18
T_690,24,29,20,23,20,19,21,21,20,26,15,21,18,20,19,19
T_691,32,39,26,31,26,26,29,28,36,47,38,26,32,36,35,35
T_692,22,26,18,21,18,18,20,19,24,31,25,25,15,23,23,23
T_693,23,27,19,22,19,18,21,20,9,11,9,9,8,6,8,8
T_694,9,11,8,9,8,8,8,8,31,40,32,32,27,30,21,29
T_695,19,22,15,18,15,15,17,16,20,26,21,21,18,20,19,13
T_696,32,39,26,31,26,26,29,28,27,35,28,28,24,26,26,26
T_697,13,22,15,18,15,15,17,16,27,35,28,28,24,26,26,26
T_698,8,7,7,8,7,7,7,7,20,26,21,21,18,20,19,19
T_699,24,29,14,23,20,19,21,21,17,22,18,18,15,17,17,16
T_700,12,15,10,8,10,10,11,11,8,10,8,8,7,7,7,7
T_701,16,20,14,16,10,13,15,14,36,47,38,38,32,36,35,35
T_702,30,36,25,29,25,17,27,26,37,49,39,39,33,37,36,36
T_703,14,17,12,14,12,12,9,13,9,11,9,9,8,8,8,8
T_704,32,39,26,31,26,26,29,19,8,10,8,8,7,7,7,7
T_705,21,25,17,20,17,17,19,18,21,39,31,31,26,29,28,28
T_706,22,26,18,21,18,18,20,19,35,32,37,37,31,35,34,34
T_707,39,47,32,38,32,32,35,34,13,17,10,14,12,13,13,13
T_708,26,31,21,25,21,21,23,22,20,26,21,15,18,20,19,19
T_709,9,11,8,9,8,8,8,8,34,45,36,36,21,34,33,33
T_710,33,40,27,32,27,27,30,29,38,50,40,40,34,26,37,36
T_711,22,26,18,21,18,18,20,19,33,42,34,34,29,32,22,31
T_712,29,35,24,28,24,23,26,25,33,42,34,34,29,32,31,22
T_713,29,35,24,28,24,23,26,25,22,29,23,23,19,22,21,21
T_714,15,26,18,21,18,18,20,19,11,15,12,12,10,11,11,11
T_715,19,16,15,18,15,15,17,16,37,49,39,39,33,37,36,36
T_716,8,10,5,8,7,7,7,7,26,34,27,27,23,25,25,25
T_717,39,47,32,27,32,32,35,34,35,46,37,37,31,35,34,34
T_718,40,49,33,39,23,33,36,35,38,50,40,40,34,37,37,36
T_719,9,11,8,9,8,5,8,8,33,42,34,34,29,32,31,31
T_720,8,10,7,8,7,7,5,7,11,15,12,12,10,11,11,11
T_721,32,39,26,31,26,26,29,19,14,19,15,15,13,14,14,14
T_722,38,46,31,37,31,31,35,33,21,39,31,31,26,29,28,28
T_723,14,17,12,14,12,12,13,13,30,27,31,31,26,29,28,28
T_724,22,26,18,21,18,18,20,19,11,14,8,11,9,10,10,10
T_725,37,45,31,36,31,30,34,32,18,24,19,13,16,18,17,17
T_726,41,50,34,40,34,33,37,36,15,20,16,16,9,15,15,15
T_727,35,42,29,34,29,28,32,30,20,26,21,21,18,14,19,19
T_728,35,42,29,34,29,28,32,30,38,50,40,40,34,37,26,36
T_729,24,29,20,23,20,19,21,21,28,36,29,29,24,27,27,18
T_730,12,15,10,12,10,10,11,11,23,30,24,24,20,22,22,22
T_731,28,49,33,39,33,33,36,35,19,25,20,20,17,19,18,18
T_732,28,24,23,27,23,23,25,24,11,15,12,12,10,11,11,11
T_733,38,46,22,37,31,31,35,33,9,11,9,9,8,8,8,8
T_734,41,50,34,28,34,33,37,36,24,31,25,25,21,23,23,23
T_735,35,42,29,34,20,28,32,30,8,10,8,8,7,7,7,7
T_736,12,15,10,12,10,7,11,11,21,27,22,22,18,21,20,20
T_737,15,19,13,15,13,13,10,13,16,21,17,17,14,16,16,15
T_738,32,39,26,31,26,26,29,19,11,14,11,11,9,10,10,10
T_739,32,39,26,31,26,26,29,28,12,22,18,18,15,17,17,16
T_740,11,14,9,11,9,9,10,10,23,21,24,24,20,22,22,22
T_741,20,24,16,19,16,16,18,17,31,40,22,32,27,30,29,29
T_742,16,20,14,16,14,13,15,14,8,10,8,6,7,7,7,7
T_743,22,26,18,21,18,18,20,19,24,31,25,25,15,23,23,23
T_744,41,50,34,40,34,33,37,36,23,30,24,24,20,16,22,22
T_745,30,36,25,29,25,24,27,26,22,29,23,23,19,22,15,21
T_746,25,30,20,24,20,20,22,21,37,49,39,39,33,37,36,25
T_747,21,25,17,20,17,17,19,18,18,24,19,19,16,18,17,17
T_748,9,15,10,12,10,10,11,11,10,12,10,10,8,9,9,9
T_749,9,8,8,9,8,8,8,8,17,22,18,18,15,17,17,16
T_750,26,31,15,25,21,21,23,22,34,45,36,36,30,34,33,33
T_751,8,10,7,6,7,7,7,7,33,44,35,35,29,33,32,32
T_752,23,27,19,22,13,18,21,20,33,42,34,34,29,32,31,31
T_753,18,21,14,17,14,10,16,15,19,25,20,20,17,19,18,18
T_754,11,14,9,11,9,9,7,10,11,15,12,12,10,11,11,11
T_755,19,22,15,18,15,15,17,11,25,32,26,26,22,24,24,24
T_756,25,30,20,24,20,20,22,21,15,27,22,22,18,21,20,20
T_757,33,40,27,32,27,27,30,29,38,35,40,40,34,37,37,36
T_758,8,10,7,8,7,7,7,7,31,40,22,32,27,30,29,29
T_759,26,31,21,25,21,21,23,22,20,26,21,15,18,20,19,19
T_760,25,30,20,24,20,20,22,21,14,19,15,15,9,14,14,14
T_761,24,29,20,23,20,19,21,21,18,24,19,19,16,12,17,17
T_762,40,49,33,39,33,33,36,35,12,16,13,13,11,12,8,12
T_763,20,24,16,19,16,16,18,17,17,22,18,18,15,17,17,11
T_764,10,12,8,10,9,8,9,9,13,17,14,14,12,13,13,13
T_765,13,22,15,18,15,15,17,16,24,31,25,25,21,23,23,23
T_766,37,31,31,36,31,30,34,32,10,12,10,10,8,9,9,9
T_767,36,44,21,35,30,29,33,31,35,46,37,37,31,35,34,34
T_768,35,42,29,24,29,28,32,30,29,37,30,30,25,28,28,27
T_769,21,25,17,20,12,17,19,18,22,29,23,23,19,22,21,21
T_770,12,15,10,12,10,7,11,11,23,30,24,24,20,22,22,22
T_771,27,32,22,26,22,22,17,23,11,14,11,11,9,10,10,10
T_772,23,27,19,22,19,18,21,14,33,42,34,34,29,32,31,31
T_773,41,50,34,40,34,33,37,36,23,44,35,35,29,33,32,32
T_774,33,40,27,32,27,27,30,29,32,29,33,33,28,31,30,30
T_775,22,26,18,21,18,18,20,19,26,34,19,27,23,25,25,25
T_776,15,19,13,15,13,13,14,13,16,21,17,12,14,16,16,15
T_777,20,24,16,19,16,16,18,17,31,40,32,32,19,30,29,29
T_778,13,16,11,13,11,11,12,12,9,11,9,9,8,6,8,8
T_779,19,22,15,18,15,15,17,16,16,21,17,17,14,16,11,15
T_780,14,17,12,14,12,12,13,13,36,47,38,38,32,36,35,24
T_781,26,31,21,25,21,21,23,22,38,50,40,40,34,37,37,36
T_782,7,12,8,10,9,8,9,9,30,39,31,31,26,29,28,28
T_783,38,32,31,37,31,31,35,33,37,49,39,39,33,37,36,36
T_784,31,37,18,30,26,25,28,27,28,36,29,29,24,27,27,26
T_785,24,29,20,16,20,19,21,21,29,37,30,30,25,28,28,27
T_786,25,30,20,24,14,20,22,21,9,11,9,9,8,8,8,8
T_787,11,14,9,11,9,6,10,10,17,22,18,18,15,17,17,16
T_788,35,42,29,34,29,28,22,30,17,22,18,18,15,17,17,16
T_789,36,44,30,35,30,29,33,22,35,46,37,37,31,35,34,34
T_790,34,41,28,33,28,28,31,29,13,25,20,20,17,19,18,18
T_791,28,34,23,27,23,23,25,24,37,34,39,39,33,37,36,36
T_792,18,21,14,17,14,14,16,15,22,29,16,23,19,22,21,21
T_793,33,40,27,32,27,27,30,29,19,25,20,14,17,19,18,18
T_794,9,11,8,9,8,8,8,8,38,50,40,40,24,37,37,36
T_795,18,21,14,17,14,14,16,15,11,15,12,12,10,8,11,11
T_796,39,47,32,38,32,32,35,34,22,29,23,23,19,22,15,21
T_797,41,50,34,40,34,33,37,36,28,36,29,29,24,27,27,18
T_798,32,39,26,31,26,26,29,28,9,11,9,9,8,8,8,8
T_799,28,49,33,39,33,33,36,35,23,30,24,24,20,22,22,22
T_800,30,25,25,29,25,24,27,26,32,41,33,33,28,31,30,30
T_801,31,37,18,30,26,25,28,27,25,32,26,26,22,24,24,24
T_802,9,11,8,6,8,8,8,8,11,15,12,12,10,11,11,11
T_803,19,22,15,18,11,15,17,16,37,49,39,39,33,37,36,36
T_804,19,22,15,18,15,11,17,16,35,46,37,37,31,35,34,34
T_805,38,46,31,37,31,31,24,33,37,49,39,39,33,37,36,36
T_806,21,25,17,20,17,17,19,13,20,26,21,21,18,20,19,19
T_807,40,49,33,39,33,33,36,35,21,39,31,31,26,29,28,28
T_808,24,29,20,23,20,19,21,21,11,10,12,12,10,11,11,11
T_809,21,25,17,20,17,17,19,18,17,22,13,18,15,17,17,16
T_810,41,50,34,40,34,33,37,36,28,36,29,20,24,27,27,26
T_811,12,15,10,12,10,10,11,11,20,26,21,21,12,20,19,19
T_812,24,29,20,23,20,19,21,21,33,44,35,35,29,23,32,32
T_813,30,36,25,29,25,24,27,26,28,36,29,29,24,27,19,26
T_814,9,11,8,9,8,8,8,8,11,14,11,11,9,10,10,7
T_815,25,30,20,24,20,20,22,21,35,46,37,37,31,35,34,34
T_816,24,41,28,33,28,28,31,29,16,21,17,17,14,16,16,15
T_817,27,23,22,26,22,22,24,23,11,15,12,12,10,11,11,11
T_818,12,15,7,12,10,10,11,11,11,15,12,12,10,11,11,11
T_819,40,49,33,27,33,33,36,35,22,29,23,23,19,22,21,21
T_820,38,46,31,37,22,31,35,33,23,30,24,24,20,22,22,22
T_821,40,49,33,39,33,23,36,35,34,45,36,36,30,34,33,33
T_822,22,26,18,21,18,18,14,19,23,30,24,24,20,22,22,22
T_823,32,39,26,31,26,26,29,19,11,15,12,12,10,11,11,11
T_824,12,15,10,12,10,10,11,11,11,21,17,17,14,16,16,15
T_825,19,22,15,18,15,15,17,16,8,7,8,8,7,7,7,7
T_826,30,36,25,29,25,24,27,26,33,42,24,34,29,32,31,31
T_827,22,26,18,21,18,18,20,19,30,39,31,22,26,29,28,28
T_828,36,44,30,35,30,29,33,31,25,32,26,26,15,24,24,24
T_829,30,36,25,29,25,24,27,26,34,45,36,36,30,24,33,33
T_830,11,14,9,11,9,9,10,10,14,19,15,15,13,14,10,14
T_831,38,46,31,37,31,31,35,33,30,39,31,31,26,29,28,20
T_832,18,21,14,17,14,14,16,15,31,40,32,32,27,30,29,29
T_833,9,15,10,12,10,10,11,11,34,45,36,36,30,34,33,33
T_834,12,10,10,12,10,10,11,11,32,41,33,33,28,31,30,30
T_835,24,29,14,23,20,19,21,21,21,27,22,22,18,21,20,20
T_836,25,30,20,17,20,20,22,21,19,25,20,20,17,19,18,18
T_837,37,45,31,36,21,30,34,32,38,50,40,40,34,37,37,36
T_838,25,30,20,24,20,14,22,21,34,45,36,36,30,34,33,33
T_839,12,15,10,12,10,10,8,11,38,50,40,40,34,37,37,36
T_840,18,21,14,17,14,14,16,11,32,41,33,33,28,31,30,30
T_841,8,10,7,8,7,7,7,7,13,24,19,19,16,18,17,17
T_842,35,42,29,34,29,28,32,30,27,24,28,28,24,26,26,26
T_843,32,39,26,31,26,26,29,28,37,49,27,39,33,37,36,36
T_844,27,32,22,26,22,22,24,23,28,36,29,20,24,27,27,26
T_845,37,45,31,36,31,30,34,32,13,17,14,14,8,13,13,13
T_846,15,19,13,15,13,13,14,13,14,19,15,15,13,10,14,14
T_847,32,39,26,31,26,26,29,28,33,44,35,35,29,33,22,32
T_848,33,40,27,32,27,27,30,29,27,35,28,28,24,26,26,18
T_849,37,45,31,36,31,30,34,32,38,50,40,40,34,37,37,36
T_850,24,41,28,33,28,28,31,29,33,44,35,35,29,33,32,32
T_851,23,19,19,22,19,18,21,20,19,25,20,20,17,19,18,18
T_852,21,25,12,20,17,17,19,18,37,49,39,39,33,37,36,36
T_853,41,50,34,28,34,33,37,36,16,21,17,17,14,16,16,15
T_854,37,45,31,36,21,30,34,32,21,27,22,22,18,21,20,20
T_855,41,50,34,40,34,23,37,36,23,30,24,24,20,22,22,22
T_856,34,41,28,33,28,28,22,29,19,25,20,20,17,19,18,18
T_857,20,24,16,19,16,16,18,12,21,27,22,22,18,21,20,20
T_858,29,35,24,28,24,23,26,25,9,16,13,13,11,12,12,12
T_859,40,49,33,39,33,33,36,35,17,16,18,18,15,17,17,16
T_860,30,36,25,29,25,24,27,26,25,32,18,26,22,24,24,24
T_861,14,17,12,14,12,12,13,13,17,22,18,13,15,17,17,16
T_862,15,19,13,15,13,13,14,13,35,46,37,37,22,35,34,34
T_863,36,44,30,35,30,29,33,31,32,41,33,33,28,22,30,30
T_864,29,35,24,28,24,23,26,25,16,21,17,17,14,16,11,15
T_865,41,50,34,40,34,33,37,36,14,19,15,15,13,14,14,10
T_866,36,44,30,35,30,29,33,31,21,27,22,22,18,21,20,20
T_867,14,25,17,20,17,17,19,18,21,27,22,22,18,21,20,20
T_868,40,34,33,39,33,33,36,35,29,37,30,30,25,28,28,27
T_869,18,21,10,17,14,14,16,15,33,44,35,35,29,33,32,32
T_870,23,27,19,15,19,18,21,20,11,14,11,11,9,10,10,10
T_871,25,30,20,24,14,20,22,21,20,26,21,21,18,20,19,19
T_872,21,25,17,20,17,12,19,18,25,32,26,26,22,24,24,24
T_873,23,27,19,22,19,18,14,20,30,39,31,31,26,29,28,28
T_874,13,16,11,13,11,11,12,8,27,35,28,28,24,26,26,26
T_875,19,22,15,18,15,15,17,16,10,19,15,15,13,14,14,14
T_876,27,32,22,26,22,22,24,23,25,23,26,26,22,24,24,24
T_877,19,22,15,18,15,15,17,16,33,42,24,34,29,32,31,31
T_878,38,46,31,37,31,31,35,33,24,31,25,17,21,23,23,23
T_879,34,41,28,33,28,28,31,29,25,32,26,26,15,24,24,24
T_880,18,21,14,17,14,14,16,15,19,25,20,20,17,13,18,18
T_881,15,19,13,15,13,13,14,13,14,19,15,15,13,14,10,14
T_882,23,27,19,22,19,18,21,20,19,25,20,20,17,19,18,13
T_883,23,27,19,22,19,18,21,20,23,30,24,24,20,22,22,22
T_884,22,37,25,30,26,25,28,27,27,35,28,28,24,26,26,26
T_885,36,31,30,35,30,29,33,31,18,24,19,19,16,18,17,17
T_886,11,14,7,11,9,9,10,10,8,10,8,8,7,7,7,7
T_887,22,26,18,15,18,18,20,19,29,37,30,30,25,28,28,27
T_888,27,32,22,26,15,22,24,23,15,20,16,16,13,15,15,15
T_889,32,39,26,31,26,18,29,28,31,40,32,32,27,30,29,29
T_890,29,35,24,28,24,23,18,25,14,19,15,15,13,14,14,14
T_891,15,19,13,15,13,13,14,9,11,14,11,11,9,10,10,10
T_892,27,32,22,26,22,22,24,23,20,37,30,30,25,28,28,27
T_893,35,42,29,34,29,28,32,30,27,24,28,28,24,26,26,26
T_894,26,31,21,25,21,21,23,22,21,27,15,22,18,21,20,20
T_895,27,32,22,26,22,22,24,23,35,46,37,26,31,35,34,34
T_896,21,25,17,20,17,17,19,18,14,19,15,15,9,14,14,14
T_897,15,19,13,15,13,13,14,13,31,40,32,32,27,21,29,29
T_898,21,25,17,20,17,17,19,18,33,42,34,34,29,32,22,31
T_899,25,30,20,24,20,20,22,21,30,39,31,31,26,29,28,20
T_900,29,35,24,28,24,23,26,25,35,46,37,37,31,35,34,34
T_901,14,24,16,19,16,16,18,17,37,49,39,39,33,37,36,36
T_902,8,7,7,8,7,7,7,7,14,19,15,15,13,14,14,14
T_903,31,37,18,30,26,25,28,27,30,39,31,31,26,29,28,28
T_904,16,20,14,11,14,13,15,14,11,15,12,12,10,11,11,11
T_905,33,40,27,32,19,27,30,29,27,35,28,28,24,26,26,26
T_906,15,19,13,15,13,9,14,13,22,29,23,23,19,22,21,21
T_907,11,14,9,11,9,9,7,10,38,50,40,40,34,37,37,36
T_908,31,37,25,30,26,25,28,19,14,19,15,15,13,14,14,14
T_909,29,35,24,28,24,23,26,25,6,11,9,9,8,8,8,8
T_910,23,27,19,22,19,18,21,20,35,32,37,37,31,35,34,34
T_911,38,46,31,37,31,31,35,33,38,50,28,40,34,37,37,36
T_912,15,19,13,15,13,13,14,13,12,16,13,9,11,12,12,12
T_913,33,40,27,32,27,27,30,29,18,24,19,19,11,18,17,17
T_914,35,42,29,34,29,28,32,30,22,29,23,23,19,15,21,21
T_915,32,39,26,31,26,26,29,28,24,31,25,25,21,23,16,23
T_916,38,46,31,37,31,31,35,33,35,46,37,37,31,35,34,24
T_917,40,49,33,39,33,33,36,35,34,45,36,36,30,34,33,33
T_918,11,19,13,15,13,13,14,13,17,22,18,18,15,17,17,16
T_919,32,27,26,31,26,26,29,28,18,24,19,19,16,18,17,17
T_920,12,15,7,12,10,10,11,11,15,20,16,16,13,15,15,15
T_921,29,35,24,20,24,23,26,25,20,26,21,21,18,20,19,19
T_922,24,29,20,23,14,19,21,21,11,14,11,11,9,10,10,10
T_923,41,50,34,40,34,23,37,36,30,39,31,31,26,29,28,28
T_924,15,19,13,15,13,13,10,13,35,46,37,37,31,35,34,34
T_925,9,11,8,9,8,8,8,6,34,45,36,36,30,34,33,33
T_926,38,46,31,37,31,31,35,33,13,25,20,20,17,19,18,18
T_927,41,50,34,40,34,33,37,36,27,24,28,28,24,26,26,26
T_928,13,16,11,13,11,11,12,12,29,37,21,30,25,28,28,27
T_929,20,24,16,19,16,16,18,17,37,49,39,27,33,37,36,36
T_930,24,29,20,23,20,19,21,21,14,19,15,15,9,14,14,14
T_931,26,31,21,25,21,21,23,22,32,41,33,33,28,22,30,30
T_932,38,46,31,37,31,31,35,33,20,26,21,21,18,20,13,19
T_933,37,45,31,36,31,30,34,32,33,42,34,34,29,32,31,22
T_934,19,22,15,18,15,15,17,16,37,49,39,39,33,37,36,36
T_935,14,24,16,19,16,16,18,17,32,41,33,33,28,31,30,30
T_936,16,14,14,16,14,13,15,14,17,22,18,18,15,17,17,16
T_937,22,26,12,21,18,18,20,19,18,24,19,19,16,18,17,17
T_938,11,14,9,8,9,9,10,10,11,14,11,11,9,10,10,10
T_939,32,39,26,31,18,26,29,28,27,35,28,28,24,26,26,26
T_940,38,46,31,37,31,22,35,33,9,11,9,9,8,8,8,8
T_941,37,45,31,36,31,30,24,32,19,25,20,20,17,19,18,18
T_942,21,25,17,20,17,17,19,13,9,11,9,9,8,8,8,8
T_943,29,35,24,28,24,23,26,25,23,42,34,34,29,32,31,31
T_944,31,37,25,30,26,25,28,27,38,35,40,40,34,37,37,36
T_945,40,49,33,39,33,33,36,35,36,47,27,38,32,36,35,35
T_946,15,19,13,15,13,13,14,13,26,34,27,19,23,25,25,25
T_947,34,41,28,33,28,28,31,29,13,17,14,14,8,13,13,13
T_948,22,26,18,21,18,18,20,19,31,40,32,32,27,21,29,29
T_949,35,42,29,34,29,28,32,30,11,14,11,11,9,10,7,10
T_950,40,49,33,39,33,33,36,35,38,50,40,40,34,37,37,26
T_951,34,41,28,33,28,28,31,29,9,11,9,9,8,8,8,8
T_952,13,22,15,18,15,15,17,16,24,31,25,25,21,23,23,23
T_953,20,17,16,19,16,16,18,17,8,10,8,8,7,7,7,7
T_954,11,14,7,11,9,9,10,10,24,31,25,25,21,23,23,23
T_955,29,35,24,20,24,23,26,25,20,26,21,21,18,20,19,19
T_956,9,11,8,9,5,8,8,8,10,12,10,10,8,9,9,9
T_957,21,25,17,20,17,12,19,18,35,46,37,37,31,35,34,34
T_958,9,11,8,9,8,8,6,8,35,46,37,37,31,35,34,34
T_959,35,42,29,34,29,28,32,21,24,31,25,25,21,23,23,23
T_960,41,50,34,40,34,33,37,36,21,40,32,32,27,30,29,29
T_961,39,47,32,38,32,32,35,34,11,10,12,12,10,11,11,11
T_962,28,34,23,27,23,23,25,24,11,14,8,11,9,10,10,10
T_963,14,17,12,14,12,12,13,13,29,37,30,21,25,28,28,27
T_964,33,40,27,32,27,27,30,29,24,31,25,25,15,23,23,23
T_965,11,14,9,11,9,9,10,10,12,16,13,13,11,9,12,12
T_966,41,50,34,40,34,33,37,36,8,10,8,8,7,7,5,7
T_967,9,11,8,9,8,8,8,8,29,37,30,30,25,28,28,19
T_968,26,31,21,25,21,21,23,22,33,42,34,34,29,32,31,31
T_969,6,10,7,8,7,7,7,7,31,40,32,32,27,30,29,29
T_970,26,22,21,25,21,21,23,22,37,49,39,39,33,37,36,36
T_971,22,26,12,21,18,18,20,19,14,19,15,15,13,14,14,14
T_972,10,12,8,7,9,8,9,9,20,26,21,21,18,20,19,19
T_973,38,46,31,37,22,31,35,33,26,34,27,27,23,25,25,25
T_974,38,46,31,37,31,22,35,33,11,15,12,12,10,11,11,11
T_975,26,31,21,25,21,21,16,22,16,21,17,17,14,16,16,15
T_976,33,40,27,32,27,27,30,20,13,17,14,14,12,13,13,13
T_977,12,15,10,12,10,10,11,11,23,44,35,35,29,33,32,32
T_978,11,14,9,11,9,9,10,10,15,14,16,16,13,15,15,15
T_979,31,37,25,30,26,25,28,27,27,35,20,28,24,26,26,26
T_980,26,31,21,25,21,21,23,22,14,19,15,10,13,14,14,14
T_981,13,16,11,13,11,11,12,12,16,21,17,17,10,16,16,15
T_982,8,10,7,8,7,7,7,7,25,32,26,26,22,17,24,24
T_983,31,37,25,30,26,25,28,27,29,37,30,30,25,28,19,27
T_984,35,42,29,34,29,28,32,30,36,47,38,38,32,36,35,24
T_985,33,40,27,32,27,27,30,29,31,40,32,32,27,30,29,29
T_986,28,49,33,39,33,33,36,35,26,34,27,27,23,25,25,25
T_987,15,13,13,15,13,13,14,13,33,42,34,34,29,32,31,31
T_988,22,26,12,21,18,18,20,19,25,32,26,26,22,24,24,24
T_989,28,34,23,19,23,23,25,24,24,31,25,25,21,23,23,23
T_990,12,15,10,12,7,10,11,11,28,36,29,29,24,27,27,26
T_991,18,21,14,17,14,10,16,15,11,15,12,12,10,11,11,11
T_992,14,17,12,14,12,12,9,13,27,35,28,28,24,26,26,26
T_993,36,44,30,35,30,29,33,22,19,25,20,20,17,19,18,18
T_994,16,20,14,16,14,13,15,14,13,25,20,20,17,19,18,18
T_995,29,35,24,28,24,23,26,25,28,25,29,29,24,27,27,26
T_996,15,19,13,15,13,13,14,13,33,42,24,34,29,32,31,31
T_997,18,21,14,17,14,14,16,15,14,19,15,10,13,14,14,14
T_998,27,32,22,26,22,22,24,23,9,11,9,9,5,8,8,8
T_999,31,37,25,30,26,25,28,27,28,36,29,29,24,19,27,26
T_1000,39,47,32,38,32,32,35,34,33,42,34,34,29,32,22,31
T_1001,33,40,27,32,27,27,30,29,8,10,8,8,7,7,7,5
T_1002,28,34,23,27,23,23,25,24,11,15,12,12,10,11,11,11
T_1003,25,42,29,34,29,28,32,30,20,26,21,21,18,20,19,19
T_1004,27,23,22,26,22,22,24,23,15,20,16,16,13,15,15,15
T_1005,26,31,15,25,21,21,23,22,17,22,18,18,15,17,17,16
T_1006,30,36,25,20,25,24,27,26,37,49,39,39,33,37,36,36
T_1007,12,15,10,12,7,10,11,11,12,16,13,13,11,12,12,12
T_1008,29,35,24,28,24,16,26,25,11,14,11,11,9,10,10,10
T_1009,21,25,17,20,17,17,13,18,33,42,34,34,29,32,31,31
T_1010,21,25,17,20,17,17,19,13,25,32,26,26,22,24,24,24
T_1011,30,36,25,29,25,24,27,26,27,50,40,40,34,37,37,36
T_1012,35,42,29,34,29,28,32,30,38,35,40,40,34,37,37,36
T_1013,15,19,13,15,13,13,14,13,26,34,19,27,23,25,25,25
T_1014,9,11,8,9,8,8,8,8,30,39,31,22,26,29,28,28
T_1015,30,36,25,29,25,24,27,26,36,47,38,38,22,36,35,35
T_1016,35,42,29,34,29,28,32,30,17,22,18,18,15,12,17,16
T_1017,8,10,7,8,7,7,7,7,19,25,20,20,17,19,13,18
T_1018,12,15,10,12,10,10,11,11,15,20,16,16,13,15,15,10
T_1019,22,26,18,21,18,18,20,19,23,30,24,24,20,22,22,22
T_1020,12,20,14,16,14,13,15,14,25,32,26,26,22,24,24,24
T_1021,19,16,15,18,15,15,17,16,29,37,30,30,25,28,28,27
T_1022,40,49,23,39,33,33,36,35,33,42,34,34,29,32,31,31
T_1023,13,16,11,9,11,11,12,12,33,42,34,34,29,32,31,31
