TP,P_0,P_1,P_2,P_3,P_4,P_5,P_6,P_7
T_0,2.67,2.76,2.82,2.35,2.50,2.56,2.62,2.29
T_1,2.35,2.60,2.92,2.45,2.60,2.37,2.39,2.56
T_2,2.39,2.81,2.99,2.15,2.33,2.17,2.22,2.46
T_3,2.51,2.87,2.67,2.08,2.10,2.62,1.93,2.92
T_4,2.46,3.08,2.97,2.42,2.63,2.57,2.31,2.63
T_5,2.42,2.73,2.65,2.45,2.07,2.58,2.43,2.57
T_6,2.28,2.78,3.15,1.99,2.26,2.61,2.25,2.64
T_7,2.18,2.67,2.88,1.98,2.37,2.44,2.39,2.73
T_8,2.39,2.87,3.03,2.02,2.62,2.62,2.34,2.48
T_9,2.26,2.76,2.74,2.13,2.63,2.52,2.24,2.71
T_10,2.46,2.65,2.75,2.36,2.43,2.42,2.27,2.41
T_11,2.37,2.75,2.81,2.23,2.31,2.63,2.27,2.22
T_12,2.22,2.75,2.93,2.31,2.40,2.58,2.41,2.67
T_13,2.38,2.67,2.89,2.14,2.46,2.69,2.49,2.62
T_14,2.44,2.84,3.15,2.48,2.52,2.55,2.24,2.56
T_15,2.36,2.70,2.87,2.16,2.66,2.58,2.32,2.31
T_16,2.22,2.72,2.79,2.38,2.26,2.37,2.21,2.40
T_17,2.49,2.79,2.65,2.17,2.34,2.49,2.37,2.60
T_18,2.39,2.55,2.73,2.21,2.54,2.56,2.42,2.65
T_19,2.46,2.82,2.85,2.34,2.22,2.71,2.39,2.46
T_20,2.44,2.74,2.85,2.23,2.36,2.56,2.42,2.62
T_21,2.20,2.67,2.90,2.55,2.43,2.69,2.46,2.62
T_22,2.26,3.07,2.92,2.06,2.33,2.59,2.39,2.64
T_23,2.43,2.86,2.68,2.20,2.47,2.52,2.44,2.48
T_24,2.08,2.67,2.85,2.08,2.37,2.53,2.31,2.81
T_25,2.45,2.57,2.76,2.47,2.14,2.61,2.12,2.61
T_26,2.21,2.68,2.90,2.52,2.30,2.58,2.13,2.45
T_27,2.27,2.99,3.16,2.31,2.35,2.57,2.17,2.62
T_28,2.55,2.46,2.73,2.10,2.52,2.69,2.18,2.72
T_29,2.33,2.85,3.08,2.44,1.88,2.70,2.46,2.43
T_30,2.29,2.62,2.79,2.40,2.39,2.72,2.28,2.60
T_31,2.38,2.82,2.79,1.96,2.49,2.52,2.42,2.76
T_32,2.32,3.13,3.06,2.24,2.51,2.47,2.24,2.57
T_33,2.24,2.96,2.52,2.29,2.42,2.52,2.56,2.78
T_34,2.49,2.85,3.18,2.20,2.44,2.51,2.49,2.52
T_35,2.66,2.75,2.88,2.33,2.44,2.68,1.91,2.77
T_36,2.47,2.91,2.57,2.38,2.46,2.48,2.22,2.61
T_37,2.40,2.66,2.85,2.45,2.51,2.52,2.11,2.52
T_38,2.37,2.64,2.72,2.50,2.68,2.37,2.55,2.62
T_39,2.46,2.80,2.54,2.17,2.52,2.63,2.36,2.40
T_40,2.43,3.06,2.91,2.04,2.51,2.40,2.49,2.52
T_41,2.21,2.84,2.73,2.40,2.23,2.41,2.29,2.52
T_42,2.41,2.97,2.63,2.05,2.41,2.49,2.18,2.85
T_43,2.34,2.70,3.12,2.47,2.29,2.91,2.45,2.36
T_44,2.59,2.81,2.76,2.33,2.09,2.34,2.20,2.67
T_45,2.30,2.58,2.85,2.42,2.35,2.52,2.31,2.59
T_46,2.52,2.82,3.02,2.41,2.60,2.71,2.25,2.37
T_47,2.16,2.70,2.80,2.45,2.27,2.69,2.38,2.62
T_48,2.38,2.98,2.76,2.36,2.11,2.56,2.49,2.45
T_49,2.23,2.89,2.71,2.44,2.59,2.53,2.12,2.37
T_50,2.20,2.89,3.03,2.15,2.20,2.20,2.25,2.38
T_51,2.57,2.98,2.87,2.08,2.58,2.63,2.18,2.36
T_52,2.19,2.74,2.95,2.28,2.39,2.69,2.04,2.64
T_53,2.32,2.45,2.63,2.35,2.45,2.23,1.99,2.37
T_54,2.23,2.39,2.76,1.96,2.46,2.37,2.59,2.82
T_55,2.40,2.79,3.01,2.17,2.59,2.49,2.18,2.78
T_56,2.38,2.46,2.92,2.26,2.24,2.47,2.30,2.41
T_57,2.01,2.53,2.84,2.30,2.41,2.54,2.38,2.31
T_58,2.44,2.69,2.78,2.35,2.28,2.51,2.47,2.63
T_59,2.24,2.82,2.77,2.15,2.37,2.53,2.35,2.28
T_60,2.64,2.37,2.97,2.43,2.18,2.77,2.38,2.86
T_61,2.47,2.88,2.65,2.30,2.41,2.47,2.34,2.40
T_62,2.48,2.87,2.77,2.27,2.42,2.43,2.18,2.76
T_63,1.98,2.77,2.81,1.90,2.21,2.36,2.39,2.33
T_64,2.60,2.76,2.91,2.24,2.41,2.47,2.13,2.60
T_65,2.35,3.05,2.99,2.21,2.47,2.77,2.21,2.54
T_66,2.14,2.79,2.94,2.47,2.32,2.35,2.20,2.30
T_67,2.39,2.41,3.06,2.25,2.29,2.36,2.32,2.57
T_68,2.65,2.97,2.82,2.15,2.14,2.65,2.46,2.87
T_69,2.10,2.60,2.64,2.33,2.28,2.68,2.08,2.51
T_70,2.50,2.79,3.03,2.27,2.23,2.36,2.38,2.41
T_71,2.29,2.89,2.61,2.40,2.53,2.65,1.90,2.33
T_72,2.26,2.63,2.83,2.23,2.57,2.74,2.38,2.51
T_73,2.28,2.73,2.76,2.44,2.28,2.79,2.20,2.68
T_74,2.22,2.88,3.01,2.07,2.50,2.66,2.26,2.48
T_75,2.37,2.62,2.68,2.36,2.42,2.50,2.31,2.55
T_76,2.38,2.89,2.77,2.36,2.14,2.61,2.34,2.95
T_77,2.49,2.70,2.85,2.24,2.66,2.72,2.33,2.61
T_78,2.54,2.71,3.04,2.52,2.58,2.31,2.29,2.76
T_79,2.29,2.77,2.68,2.43,2.39,2.69,2.46,2.20
T_80,2.50,2.76,3.20,2.42,2.35,2.53,2.42,2.63
T_81,2.17,2.85,2.91,2.19,2.38,2.52,2.35,2.40
T_82,2.43,2.92,2.63,2.25,2.39,2.61,2.32,2.60
T_83,2.18,2.98,2.62,2.55,2.53,2.77,2.34,2.53
T_84,2.26,2.59,2.95,2.21,2.54,2.42,2.43,2.52
T_85,2.54,2.73,2.67,2.17,2.65,2.50,2.52,2.41
T_86,2.23,2.79,2.93,2.31,2.33,2.37,2.31,2.64
T_87,2.41,2.94,2.72,2.31,2.38,2.60,2.22,2.76
T_88,2.13,2.92,2.79,2.40,2.26,2.55,2.13,2.49
T_89,2.23,2.51,2.73,2.43,2.44,2.59,2.46,2.49
T_90,2.42,3.09,2.88,2.62,2.30,2.53,2.23,2.78
T_91,2.56,2.77,3.06,2.17,2.46,2.56,2.21,2.63
T_92,2.17,3.15,3.02,2.40,2.49,2.88,2.39,2.95
T_93,2.57,2.67,3.08,2.30,2.60,2.46,2.38,2.54
T_94,2.38,2.71,2.79,2.46,2.40,2.62,2.13,2.32
T_95,2.67,3.03,2.61,2.12,2.26,2.63,2.32,2.68
T_96,2.29,2.73,2.70,2.22,2.37,2.43,2.36,2.57
T_97,2.26,2.81,2.88,2.19,2.08,2.38,2.38,2.50
T_98,2.39,2.97,2.69,2.20,2.08,2.59,2.22,2.41
T_99,2.18,2.88,2.94,2.21,2.45,2.51,2.03,2.15
T_100,2.36,3.11,2.99,2.16,2.25,2.40,2.43,2.70
T_101,2.33,2.70,3.07,2.45,2.22,2.66,2.10,2.86
T_102,2.65,2.83,2.86,2.55,2.50,2.75,2.38,2.57
T_103,2.39,2.69,2.89,2.60,2.21,2.60,2.49,2.64
T_104,2.15,2.91,2.70,2.52,2.24,2.72,2.17,2.52
T_105,2.15,2.94,2.69,2.20,2.24,2.44,2.41,2.56
T_106,2.20,2.88,2.91,2.41,2.45,2.49,2.35,2.59
T_107,2.04,2.64,2.76,2.39,2.51,2.73,2.36,2.63
T_108,2.02,2.87,2.71,2.33,2.47,2.46,2.25,2.62
T_109,2.65,2.65,2.87,2.30,2.28,2.59,2.54,2.69
T_110,2.22,2.69,2.47,2.46,2.62,2.63,2.33,2.07
T_111,2.53,2.73,2.83,2.35,2.19,2.35,2.12,2.42
T_112,2.23,2.81,2.98,2.24,2.31,2.67,2.37,2.40
T_113,2.28,2.87,2.72,2.09,2.39,2.69,2.37,2.72
T_114,2.09,2.68,2.67,2.17,2.27,2.36,2.16,2.61
T_115,2.52,2.76,2.97,2.41,2.41,2.49,2.15,2.68
T_116,2.28,3.08,2.86,2.37,2.30,2.42,2.33,2.74
T_117,2.58,2.77,2.95,2.02,2.50,2.35,2.45,2.46
T_118,2.23,2.85,2.71,2.26,2.42,2.42,2.32,2.39
T_119,2.64,2.69,2.96,2.23,2.58,2.73,2.13,2.65
T_120,2.56,3.13,2.68,2.28,2.35,2.45,2.31,2.47
T_121,2.12,2.69,2.85,2.31,2.28,2.47,2.36,2.48
T_122,2.40,2.76,2.92,2.11,2.28,2.56,2.72,2.47
T_123,2.19,2.61,2.88,2.43,2.54,2.36,2.32,2.59
T_124,2.17,2.75,3.35,2.25,2.29,2.74,2.25,2.43
T_125,2.35,2.91,2.85,2.48,2.69,2.53,2.46,2.44
T_126,2.46,2.74,2.89,2.30,2.37,2.35,2.60,2.64
T_127,2.54,2.88,3.00,2.33,2.07,2.69,2.23,2.56
T_128,2.29,3.07,2.58,2.32,2.26,2.62,2.09,2.24
T_129,2.48,2.62,2.96,2.25,2.36,2.62,2.23,2.77
T_130,2.42,2.72,2.78,2.58,2.21,2.94,2.57,2.28
T_131,2.34,2.64,2.84,2.26,2.15,2.80,2.32,2.70
T_132,2.20,2.79,2.88,2.49,2.47,2.56,2.38,2.71
T_133,2.34,2.70,2.64,2.30,2.44,2.68,2.27,2.47
T_134,2.86,2.86,2.92,2.12,2.21,2.88,2.38,2.58
T_135,2.20,2.28,2.83,2.20,2.55,2.46,2.38,2.79
T_136,2.43,2.79,2.86,2.35,2.57,2.43,2.42,2.55
T_137,2.20,2.68,3.02,2.46,2.34,2.79,2.11,2.55
T_138,2.54,2.81,2.76,2.06,2.36,2.25,2.12,2.42
T_139,2.60,2.46,2.89,2.34,2.20,2.48,2.54,2.43
T_140,2.53,2.95,2.99,2.24,2.65,2.37,2.29,2.75
T_141,2.63,2.46,2.81,2.11,2.15,2.62,2.44,2.42
T_142,2.32,2.57,3.01,2.29,2.22,2.49,2.45,2.59
T_143,2.58,2.80,2.68,2.25,2.40,2.57,2.42,2.51
T_144,2.21,2.61,3.00,2.03,2.29,2.58,2.14,2.40
T_145,2.57,2.65,2.81,2.37,2.40,2.69,2.00,2.50
T_146,2.56,3.07,2.89,2.19,2.35,2.66,2.04,2.43
T_147,2.24,2.83,2.66,2.19,2.56,2.23,2.42,2.53
T_148,2.48,2.70,2.85,2.42,2.39,2.54,2.41,2.48
T_149,2.18,2.67,2.91,2.40,2.31,2.66,2.20,2.30
T_150,2.13,2.87,2.66,2.06,2.73,2.56,2.23,2.42
T_151,2.13,2.87,2.33,2.72,2.25,2.55,2.26,2.35
T_152,2.17,2.71,2.67,2.27,2.23,2.63,2.22,2.82
T_153,2.28,2.46,2.58,2.45,2.53,2.63,2.38,2.57
T_154,2.32,2.65,2.58,2.04,2.22,2.49,2.47,2.26
T_155,2.59,2.38,2.59,2.10,2.39,2.68,2.35,2.46
T_156,2.30,2.59,2.69,2.35,2.45,2.56,2.31,2.40
T_157,2.21,2.84,2.57,2.56,2.40,2.53,2.04,2.62
T_158,2.44,2.96,3.07,2.33,2.42,2.81,2.39,2.56
T_159,2.30,2.94,2.71,2.16,2.39,2.79,2.35,2.24
T_160,2.35,2.84,2.80,2.20,2.36,2.65,2.27,2.44
T_161,2.39,2.90,2.64,2.21,2.28,2.55,2.39,2.51
T_162,2.40,2.53,2.78,2.44,2.63,2.32,2.36,2.25
T_163,2.23,2.85,2.99,2.26,2.55,2.28,2.30,2.30
T_164,2.30,2.49,2.87,2.41,2.28,2.53,2.03,2.31
T_165,2.47,2.60,2.97,2.29,2.47,2.62,2.11,2.58
T_166,2.28,2.79,2.82,2.26,2.45,2.72,2.11,2.47
T_167,2.30,3.08,2.85,2.28,2.59,2.77,2.45,2.59
T_168,2.38,2.68,2.70,2.26,2.39,2.34,2.28,2.43
T_169,2.40,2.62,2.78,2.26,2.44,2.68,1.95,2.49
T_170,2.40,2.85,2.77,2.22,2.34,2.46,2.29,2.86
T_171,2.42,2.88,2.92,1.96,2.43,2.63,2.44,2.62
T_172,2.33,2.59,2.78,2.38,2.32,2.61,2.43,2.70
T_173,2.14,2.79,2.74,2.16,2.27,2.46,2.02,2.38
T_174,2.43,2.66,2.82,2.40,2.46,2.72,2.47,2.49
T_175,2.20,2.88,2.86,2.08,2.18,2.78,2.28,2.39
T_176,2.79,2.83,2.67,2.35,2.58,2.44,2.48,2.43
T_177,2.38,2.79,2.73,2.06,2.69,2.76,2.54,2.52
T_178,2.29,2.76,3.15,2.38,2.38,2.39,2.58,2.72
T_179,2.46,2.84,2.96,2.39,2.43,2.53,2.36,2.62
T_180,2.55,2.65,2.62,1.91,2.52,2.46,2.15,2.63
T_181,2.56,3.03,2.86,1.98,2.34,2.72,1.98,2.66
T_182,2.38,3.09,2.75,2.27,2.49,2.62,2.44,2.65
T_183,2.49,2.92,2.58,2.13,2.37,2.12,2.58,2.24
T_184,2.44,2.63,2.75,2.55,2.20,2.49,2.47,2.56
T_185,2.35,3.05,2.64,2.05,2.35,2.54,2.30,2.40
T_186,2.11,2.58,2.98,2.26,2.23,2.43,2.31,2.59
T_187,2.46,2.90,2.93,2.28,2.45,2.60,2.38,2.67
T_188,1.95,2.91,2.94,2.43,2.38,2.33,2.37,2.67
T_189,2.20,2.83,2.76,2.01,2.56,2.70,2.21,2.77
T_190,2.54,2.95,2.58,2.32,2.14,2.56,2.07,2.42
T_191,2.36,3.02,2.67,2.42,2.53,2.48,2.41,2.69
T_192,2.33,2.62,2.93,2.42,2.32,3.03,2.22,2.18
T_193,2.20,2.84,2.84,2.31,2.50,2.53,2.27,2.26
T_194,2.21,2.69,2.76,2.25,2.22,2.50,2.19,2.66
T_195,2.23,2.80,2.74,2.24,2.15,2.28,2.50,2.58
T_196,2.13,2.64,2.82,2.45,2.34,2.50,1.99,2.36
T_197,1.99,2.74,2.69,2.34,2.24,2.43,2.27,2.51
T_198,2.49,2.80,2.75,2.08,2.19,2.41,2.45,2.80
T_199,2.58,2.73,3.07,2.30,2.40,2.45,2.25,2.59
T_200,2.24,2.82,3.15,2.34,2.44,2.50,2.27,2.39
T_201,2.45,2.75,2.89,2.21,2.36,2.40,2.10,2.48
T_202,2.15,2.75,2.55,2.10,2.40,2.43,2.35,2.61
T_203,2.39,2.77,3.10,2.38,2.18,2.49,2.33,2.32
T_204,2.24,2.72,2.78,1.94,2.65,2.42,2.16,2.62
T_205,2.47,3.02,2.54,2.09,2.41,2.77,2.11,2.26
T_206,2.34,2.61,2.73,1.92,2.40,2.60,2.31,2.34
T_207,2.14,3.05,2.95,2.16,2.41,2.44,2.23,2.59
T_208,2.42,2.74,2.67,2.52,2.65,2.66,2.24,2.69
T_209,2.58,2.60,2.78,2.03,2.55,2.93,2.24,2.57
T_210,2.33,2.44,2.84,2.33,2.20,2.67,2.61,2.64
T_211,2.33,2.71,2.49,2.30,2.40,2.55,2.33,2.79
T_212,2.34,2.77,3.04,2.16,2.55,2.48,2.45,2.50
T_213,2.35,2.84,2.79,2.10,2.54,2.92,2.42,2.45
T_214,2.52,3.06,2.78,2.36,2.61,2.72,2.40,2.82
T_215,2.53,2.60,2.97,1.90,2.44,2.55,2.29,2.38
T_216,2.02,2.90,2.47,2.35,2.25,2.46,2.36,2.53
T_217,2.52,2.91,2.90,2.23,2.38,2.78,2.24,2.45
T_218,2.30,2.65,2.82,2.46,2.31,2.23,2.19,2.49
T_219,2.58,2.87,2.80,1.88,2.23,2.56,2.59,2.57
T_220,2.40,3.03,2.75,2.46,2.32,2.76,2.41,2.53
T_221,2.60,2.98,2.94,2.23,2.37,2.27,2.42,2.56
T_222,2.26,2.70,2.49,2.19,2.48,2.67,2.11,2.63
T_223,2.13,3.01,2.83,2.08,2.44,2.68,2.22,2.26
T_224,2.37,2.82,2.89,2.46,2.29,2.36,2.33,2.47
T_225,2.48,2.64,2.99,2.20,2.35,2.28,2.49,2.89
T_226,2.44,2.74,3.14,2.33,2.19,2.59,2.31,2.55
T_227,2.45,2.92,2.59,2.28,2.30,2.52,2.39,2.28
T_228,2.37,2.80,2.64,2.15,2.24,2.77,2.45,2.80
T_229,2.44,2.88,2.90,2.42,2.26,2.61,2.06,2.68
T_230,2.21,2.75,2.96,2.47,2.55,2.60,2.28,2.51
T_231,2.31,2.78,2.88,2.34,2.40,2.23,2.05,2.41
T_232,2.10,2.86,2.95,2.22,2.19,2.18,2.32,2.62
T_233,2.33,2.85,2.71,2.54,2.37,2.50,2.32,2.65
T_234,2.29,2.75,2.95,2.08,2.40,2.39,2.16,2.62
T_235,2.34,2.80,2.74,2.16,2.53,2.37,2.36,2.48
T_236,2.49,2.74,2.71,2.19,2.38,2.50,2.72,2.24
T_237,2.34,2.81,2.84,2.51,2.47,2.77,2.22,2.39
T_238,2.01,2.59,2.56,2.27,2.33,2.68,2.26,2.60
T_239,2.54,2.71,3.02,2.18,2.31,2.16,2.17,2.43
T_240,2.36,2.83,2.95,2.24,2.41,2.47,2.56,2.63
T_241,2.45,2.83,2.99,2.31,2.32,2.57,2.20,2.54
T_242,2.21,2.80,2.48,2.15,2.48,2.69,2.39,2.52
T_243,2.46,2.62,2.76,2.37,2.22,2.40,2.29,2.29
T_244,2.56,2.82,2.96,2.16,2.30,2.53,2.52,2.69
T_245,2.09,2.76,2.66,2.23,2.30,2.35,2.27,2.47
T_246,2.52,2.72,3.00,2.22,2.22,2.64,2.09,2.32
T_247,2.19,3.02,2.97,2.22,2.35,2.51,2.39,2.76
T_248,2.22,2.52,3.18,2.38,2.29,2.51,2.34,2.42
T_249,2.33,2.82,2.67,2.40,2.32,2.45,2.25,2.77
T_250,2.65,2.96,2.84,2.24,2.40,2.38,2.32,2.63
T_251,2.06,2.96,2.66,2.30,2.51,2.50,2.51,2.53
T_252,2.24,2.88,2.77,2.26,2.24,2.57,2.20,2.46
T_253,2.34,2.83,2.75,2.31,2.38,2.59,2.09,2.45
T_254,2.43,2.77,2.45,2.20,2.62,2.48,2.25,2.54
T_255,2.43,2.85,3.15,2.39,2.19,2.36,2.27,2.53
T_256,2.40,2.80,2.62,2.23,2.69,2.34,2.39,2.49
T_257,2.18,2.79,2.77,2.38,2.45,2.51,2.55,2.52
T_258,2.45,2.81,2.94,2.34,2.43,2.57,2.46,2.76
T_259,2.49,2.97,2.70,2.37,2.59,2.55,2.36,2.58
T_260,2.17,2.80,2.89,2.26,2.45,2.98,2.17,2.44
T_261,2.22,2.56,2.74,2.20,2.45,2.61,2.47,2.57
T_262,2.39,2.63,2.78,2.24,2.55,2.04,2.35,2.92
T_263,2.38,2.83,2.88,2.23,2.19,2.44,2.28,2.66
T_264,2.41,2.51,3.10,2.40,2.44,2.78,2.22,2.26
T_265,2.15,2.96,2.78,2.21,2.20,2.62,2.28,2.70
T_266,2.27,2.67,2.74,2.36,2.45,2.38,2.19,2.76
T_267,2.26,2.86,2.82,2.33,2.36,2.53,2.47,2.56
T_268,2.54,3.00,2.99,2.55,2.35,2.60,2.19,2.41
T_269,2.32,2.90,2.81,2.15,2.51,2.60,2.38,2.67
T_270,2.26,3.02,3.09,2.38,2.44,2.64,2.14,2.75
T_271,2.20,3.17,2.70,2.32,2.71,2.46,2.63,2.49
T_272,2.45,2.80,2.79,2.36,2.42,2.45,2.21,2.60
T_273,2.51,2.63,2.62,2.08,2.44,2.39,2.08,2.25
T_274,2.10,3.03,2.68,2.08,2.47,2.54,2.11,2.35
T_275,2.35,2.73,2.88,2.20,2.28,2.62,2.22,2.39
T_276,2.41,2.98,2.89,2.39,2.62,2.33,2.41,2.66
T_277,2.63,2.97,2.98,2.24,2.31,2.73,2.38,2.78
T_278,2.44,2.64,2.98,2.16,2.13,2.46,2.19,2.55
T_279,2.54,2.99,2.78,2.34,2.39,2.51,1.91,2.57
T_280,2.34,2.66,3.04,1.92,2.62,2.67,2.21,2.73
T_281,2.12,2.75,2.97,2.50,2.27,2.48,1.85,2.45
T_282,2.12,2.57,2.85,2.24,2.04,2.25,2.34,2.51
T_283,2.23,3.01,2.62,2.21,2.23,2.39,2.16,2.41
T_284,2.35,2.76,2.82,2.28,2.39,2.58,2.30,2.33
T_285,2.29,2.85,2.86,2.25,2.25,2.61,2.54,2.87
T_286,2.26,2.51,2.73,2.25,2.22,2.46,2.32,2.37
T_287,2.61,2.66,2.94,2.35,2.44,2.50,2.37,2.64
T_288,1.97,2.90,2.76,2.59,2.59,2.76,2.23,2.48
T_289,2.29,2.98,2.83,2.60,2.42,2.54,2.48,2.31
T_290,2.70,2.77,2.92,2.13,2.31,2.73,2.36,2.59
T_291,2.38,2.65,2.85,2.14,2.43,2.64,2.00,2.59
T_292,2.23,2.76,2.66,2.14,2.27,2.38,2.37,2.38
T_293,2.16,2.80,2.76,2.36,2.63,2.53,2.08,2.54
T_294,2.46,2.83,2.76,2.53,2.51,2.41,2.36,2.54
T_295,2.44,2.64,2.68,2.41,2.25,2.66,2.15,2.48
T_296,2.46,2.85,2.83,2.33,2.36,2.52,2.40,2.59
T_297,2.14,2.66,2.79,2.35,2.29,2.40,2.22,2.87
T_298,2.35,2.87,2.67,2.21,2.55,2.70,2.06,2.61
T_299,2.30,2.84,3.07,2.37,2.28,2.63,2.05,2.68
T_300,2.40,2.93,2.84,2.22,2.36,2.43,2.16,2.58
T_301,2.09,2.58,2.83,2.45,2.62,2.54,2.23,2.50
T_302,2.42,2.76,2.74,2.11,2.15,2.42,2.36,2.60
T_303,2.57,2.84,2.93,1.89,2.42,2.60,2.20,2.50
T_304,2.13,2.93,2.76,2.37,2.46,2.60,2.40,2.38
T_305,2.47,2.82,2.79,2.37,1.94,2.34,2.47,2.33
T_306,2.70,2.79,2.77,2.43,2.04,2.58,2.40,2.79
T_307,2.47,2.79,3.05,2.27,2.40,2.67,2.20,2.45
T_308,2.33,2.74,2.80,2.10,2.28,2.70,2.15,2.81
T_309,2.35,2.59,2.82,2.57,2.39,2.59,2.47,2.56
T_310,2.25,2.94,2.77,2.22,2.36,2.52,2.13,2.55
T_311,2.37,3.28,2.93,2.20,2.45,2.96,2.27,2.68
T_312,2.18,2.42,2.86,2.25,2.27,2.53,2.40,2.42
T_313,2.34,2.60,2.72,2.34,2.50,2.52,2.35,2.67
T_314,2.21,2.65,2.73,2.18,2.75,2.63,2.21,2.58
T_315,2.12,2.83,2.92,2.36,2.19,2.68,2.20,2.63
T_316,2.56,3.09,2.68,2.16,2.50,2.41,2.37,2.72
T_317,2.05,2.74,2.70,2.35,1.99,2.75,2.25,2.75
T_318,2.61,2.98,2.58,2.14,2.08,2.48,2.29,2.57
T_319,2.00,2.81,2.76,2.36,2.62,2.58,2.33,2.26
T_320,2.48,2.64,2.73,2.25,2.27,2.60,2.38,2.70
T_321,2.36,2.65,3.16,2.29,2.47,2.37,2.16,2.58
T_322,2.09,2.95,2.62,2.08,2.38,2.48,2.30,2.58
T_323,2.38,2.75,2.67,2.31,2.43,2.58,2.43,2.66
T_324,2.18,3.01,2.61,2.16,2.37,2.61,2.14,2.66
T_325,2.19,2.86,2.89,2.27,2.44,2.74,1.93,2.59
T_326,2.47,2.85,3.10,2.50,2.40,2.52,2.39,2.57
T_327,2.16,2.62,2.95,2.41,2.18,2.81,2.27,2.46
T_328,2.04,2.61,2.93,2.34,2.17,2.53,2.21,2.45
T_329,2.51,2.38,2.99,2.27,2.57,2.34,2.19,2.41
T_330,2.40,2.87,2.92,2.34,2.62,2.08,2.43,2.78
T_331,2.34,2.77,2.96,2.49,2.12,2.56,2.27,2.48
T_332,2.29,3.01,2.89,1.99,2.60,2.26,2.24,2.45
T_333,2.44,2.71,2.70,2.54,2.30,2.42,2.32,2.39
T_334,2.39,2.84,2.53,2.29,2.40,2.67,2.56,2.85
T_335,2.32,2.72,2.84,2.43,2.38,2.72,2.29,2.45
T_336,2.25,2.94,2.68,2.26,2.44,2.48,2.54,2.52
T_337,2.50,2.62,2.62,2.19,2.34,2.79,2.66,2.35
T_338,2.56,2.80,3.01,2.10,2.60,2.57,2.46,2.53
T_339,2.41,2.73,2.80,2.25,2.29,2.43,2.58,2.55
T_340,2.91,2.46,2.78,1.86,2.33,2.74,2.56,2.41
T_341,2.37,2.66,3.06,2.23,2.51,2.61,2.44,2.54
T_342,2.36,2.99,2.90,2.26,2.43,2.56,2.54,2.88
T_343,2.57,2.96,2.77,2.35,2.18,2.56,2.03,2.28
T_344,2.38,2.78,2.70,2.27,2.49,2.41,2.30,2.69
T_345,2.38,3.02,2.76,2.69,2.34,2.83,2.26,2.24
T_346,2.28,2.86,2.70,2.29,2.60,2.65,2.54,2.72
T_347,2.41,2.91,2.90,2.37,2.48,2.46,2.10,2.88
T_348,2.08,2.80,2.88,2.38,2.41,2.39,2.08,2.43
T_349,2.23,2.68,2.86,2.30,2.28,2.66,2.37,2.47
T_350,2.17,2.78,2.98,2.36,2.37,2.39,2.28,2.39
T_351,2.00,3.01,2.84,2.26,2.52,2.90,2.22,2.61
T_352,2.50,2.76,2.92,2.18,2.41,2.68,2.52,2.35
T_353,2.29,2.39,2.77,2.14,2.31,2.34,2.33,2.63
T_354,2.20,2.85,3.07,2.08,2.25,2.42,2.29,2.73
T_355,2.39,2.72,2.84,2.18,2.50,2.75,2.29,2.48
T_356,2.15,2.40,2.84,2.25,2.41,2.55,2.29,2.31
T_357,2.59,2.75,3.18,2.23,2.32,2.70,2.20,2.21
T_358,2.55,2.75,2.77,2.46,2.14,2.63,2.33,2.53
T_359,2.12,2.78,3.09,2.38,2.32,2.61,1.87,2.49
T_360,2.52,2.87,2.86,2.27,2.18,2.36,2.40,2.47
T_361,2.37,2.75,3.11,2.42,2.61,2.40,2.08,2.55
T_362,2.51,2.81,2.89,2.24,2.36,2.64,2.26,2.64
T_363,2.37,2.66,2.65,2.34,2.32,2.61,2.62,2.40
T_364,2.21,2.62,2.83,2.05,2.38,2.47,2.74,2.63
T_365,2.09,2.80,2.64,2.11,2.63,2.25,2.12,2.40
T_366,2.17,2.72,2.92,2.11,2.16,2.41,2.37,2.52
T_367,2.26,2.70,2.95,2.26,2.27,2.68,2.47,2.18
T_368,2.50,2.66,2.83,2.39,2.26,2.50,2.40,2.24
T_369,2.43,2.79,2.76,2.23,2.25,2.41,2.22,2.50
T_370,2.38,2.57,2.76,2.40,2.49,2.48,2.31,2.45
T_371,2.56,2.68,2.73,2.56,2.08,2.54,2.11,2.34
T_372,2.06,2.66,2.73,2.20,2.46,2.57,2.09,2.49
T_373,2.16,3.01,2.71,2.34,2.30,2.48,2.38,2.67
T_374,2.28,2.86,2.62,2.43,2.49,2.52,2.32,2.36
T_375,2.35,2.81,3.02,2.40,2.33,2.48,2.27,2.59
T_376,2.08,3.05,2.83,2.27,2.47,2.84,2.16,2.53
T_377,2.25,2.58,2.98,2.36,2.53,2.52,2.53,2.68
T_378,2.54,2.85,2.99,2.17,2.39,2.81,2.23,2.77
T_379,2.49,2.97,2.94,1.99,2.23,2.65,1.97,2.27
T_380,2.57,2.64,2.68,2.42,2.42,2.58,2.23,2.29
T_381,2.25,2.73,2.72,2.36,2.33,2.50,2.10,2.62
T_382,2.18,2.73,2.90,2.31,2.41,2.13,2.50,2.35
T_383,2.38,2.84,2.91,2.31,2.30,2.60,2.42,2.48
T_384,2.20,2.83,2.72,2.22,2.09,2.69,2.33,2.65
T_385,2.32,2.73,2.66,2.23,2.36,2.73,2.26,2.45
T_386,2.32,2.97,2.98,2.52,2.67,2.48,2.52,2.30
T_387,2.42,2.97,3.06,2.11,2.32,2.75,2.31,2.38
T_388,2.56,2.89,2.86,2.51,2.44,2.43,2.49,2.72
T_389,2.55,2.53,2.60,2.06,2.26,2.64,2.13,2.92
T_390,2.48,2.81,2.70,2.30,2.22,2.54,2.31,2.46
T_391,2.42,2.77,3.15,2.04,2.37,2.48,2.29,2.62
T_392,2.44,2.61,2.80,2.60,2.54,2.39,2.47,2.23
T_393,2.28,2.86,2.92,2.45,2.48,2.45,2.48,2.57
T_394,2.20,2.63,3.01,2.17,2.15,2.25,2.22,2.52
T_395,2.11,2.91,2.75,2.09,2.47,2.49,2.34,2.74
T_396,2.25,2.94,2.68,2.12,2.26,2.68,2.13,2.47
T_397,2.41,2.78,2.90,2.52,2.22,2.72,2.17,2.34
T_398,2.44,3.04,2.54,2.23,2.21,2.39,2.38,2.58
T_399,2.35,2.61,2.68,2.21,2.27,2.45,2.18,2.73
T_400,2.43,3.04,2.99,2.31,2.37,2.51,2.36,2.35
T_401,2.25,2.83,2.94,2.15,2.45,2.44,2.08,2.71
T_402,2.59,2.77,2.66,2.33,2.28,2.74,2.17,2.17
T_403,2.36,2.76,2.87,2.31,2.22,2.69,2.32,2.59
T_404,2.29,3.04,2.66,2.23,2.53,2.39,2.09,2.55
T_405,2.44,2.81,2.53,2.25,2.21,2.76,2.23,2.26
T_406,2.32,2.75,2.72,2.50,2.38,2.60,2.44,2.31
T_407,2.39,3.14,2.74,2.34,2.35,2.50,2.40,2.76
T_408,2.68,2.82,2.70,2.35,2.41,2.68,2.34,2.60
T_409,2.22,3.14,2.77,2.41,2.27,2.66,2.24,2.49
T_410,2.30,2.77,3.03,2.07,2.21,2.41,2.49,2.70
T_411,2.31,2.88,2.88,2.10,2.24,2.48,2.02,2.49
T_412,2.35,2.66,2.89,2.20,2.42,2.33,2.49,2.51
T_413,2.63,2.68,2.73,2.24,2.16,2.62,2.13,2.56
T_414,2.48,2.78,2.70,2.11,2.38,2.72,2.31,2.63
T_415,2.54,2.56,2.64,2.44,2.05,2.52,2.60,2.55
T_416,1.96,2.71,2.66,2.38,2.38,2.04,2.43,2.47
T_417,2.42,2.65,2.78,2.30,2.17,2.59,2.37,2.46
T_418,2.39,2.72,2.57,2.38,2.24,2.30,2.26,2.43
T_419,2.43,2.95,2.96,2.36,2.66,2.85,2.47,2.38
T_420,2.35,2.76,2.78,2.54,2.04,2.62,2.46,2.54
T_421,2.25,2.74,2.94,2.12,2.07,2.48,2.07,2.77
T_422,2.45,2.65,2.87,2.40,2.46,2.46,2.29,2.44
T_423,2.32,2.86,2.70,2.43,2.18,2.79,2.45,2.33
T_424,2.35,2.83,2.75,2.33,2.10,2.76,2.10,2.78
T_425,2.37,3.01,3.05,2.15,2.24,2.86,2.50,2.72
T_426,2.31,2.86,2.72,2.14,2.28,2.57,2.36,2.75
T_427,2.43,2.93,2.87,2.02,2.39,2.21,2.41,2.76
T_428,2.47,2.84,3.01,2.35,2.30,2.55,2.67,2.93
T_429,2.34,3.03,2.73,2.16,2.37,2.60,2.30,2.43
T_430,2.36,2.45,2.95,2.55,2.24,2.60,2.27,2.59
T_431,2.31,2.73,2.69,2.43,2.28,2.65,2.41,2.50
T_432,2.48,2.65,2.86,2.19,2.35,2.52,2.20,2.65
T_433,2.28,2.57,2.89,2.40,2.22,2.66,2.39,2.50
T_434,2.30,2.77,2.81,2.02,2.49,2.62,2.04,2.41
T_435,2.36,2.65,3.07,2.30,2.30,2.66,2.58,2.54
T_436,2.28,2.92,2.79,2.15,2.45,2.64,2.50,2.32
T_437,2.39,2.83,3.02,2.25,2.51,2.62,2.46,2.63
T_438,2.59,2.68,2.82,2.40,2.39,2.36,2.27,2.60
T_439,2.34,2.68,2.82,2.36,2.15,2.63,2.34,2.66
T_440,2.57,2.90,2.88,2.08,2.38,2.57,2.19,2.62
T_441,2.49,2.81,2.82,1.99,2.41,2.49,2.08,2.48
T_442,2.49,2.98,2.58,2.38,2.36,2.42,2.32,2.58
T_443,2.45,2.69,2.84,2.38,2.56,2.54,2.29,2.42
T_444,2.57,3.14,3.09,2.48,2.60,2.56,2.39,2.56
T_445,2.22,2.56,2.73,2.39,2.29,2.60,2.26,2.38
T_446,2.45,2.47,2.75,2.19,2.30,2.54,2.42,2.31
T_447,2.54,2.82,2.59,2.36,2.67,2.41,2.33,2.51
T_448,2.24,3.05,2.74,2.18,2.29,2.45,2.18,2.40
T_449,2.55,2.69,2.83,2.37,2.61,2.43,2.47,2.51
T_450,2.45,2.60,3.04,2.28,2.34,2.42,2.35,2.69
T_451,2.23,2.46,2.77,2.40,2.44,2.59,2.54,2.80
T_452,2.42,2.62,2.86,2.08,2.69,2.38,2.46,2.58
T_453,2.13,2.76,2.77,2.14,2.43,2.55,2.36,2.32
T_454,2.16,2.79,2.70,2.30,2.13,2.49,2.27,2.33
T_455,2.12,2.84,2.84,2.26,2.41,2.52,2.47,2.68
T_456,2.39,3.00,3.02,2.29,2.18,2.58,2.35,2.76
T_457,2.29,2.65,2.83,2.38,2.59,2.33,2.21,2.42
T_458,2.23,2.91,2.78,2.06,2.33,2.30,2.31,2.72
T_459,2.38,2.77,2.66,2.28,2.54,2.51,2.41,2.67
T_460,2.33,3.02,2.73,2.40,2.45,2.43,2.19,2.54
T_461,2.29,2.84,2.84,2.05,2.31,2.42,2.34,2.36
T_462,2.27,2.85,2.65,2.33,2.25,2.47,2.52,2.43
T_463,2.37,2.71,2.73,2.27,2.49,2.37,2.35,2.56
T_464,2.20,2.69,2.97,2.39,2.42,2.82,2.42,2.68
T_465,2.26,2.65,3.06,2.28,2.44,2.88,2.40,2.63
T_466,2.52,2.79,2.96,2.23,2.42,2.74,2.33,2.63
T_467,2.39,2.64,3.07,2.20,2.37,2.40,2.29,2.60
T_468,2.07,3.02,2.78,2.14,2.43,2.48,2.32,2.63
T_469,2.58,2.59,3.12,2.12,2.27,2.51,2.14,2.54
T_470,2.21,2.83,3.00,2.26,2.53,2.45,2.22,2.40
T_471,2.59,2.83,2.70,2.24,2.28,2.39,2.14,2.50
T_472,2.36,2.72,2.66,2.25,2.58,2.59,2.47,2.63
T_473,2.49,2.74,2.66,2.51,2.40,2.55,2.54,2.39
T_474,2.07,2.82,2.65,2.15,2.27,2.54,2.23,2.67
T_475,2.22,2.93,2.67,2.34,2.19,2.36,2.36,2.60
T_476,2.36,2.82,3.07,2.11,2.36,2.54,2.42,2.39
T_477,2.25,2.85,2.43,2.55,2.45,2.49,2.35,2.56
T_478,2.22,2.80,2.96,2.15,2.45,2.42,2.50,2.13
T_479,2.24,3.06,2.70,2.40,2.65,2.34,2.24,2.69
T_480,2.32,2.62,3.05,2.21,2.49,2.63,2.45,2.80
T_481,2.25,2.45,2.63,2.16,2.59,2.68,2.09,2.56
T_482,2.32,2.87,2.51,2.65,2.44,2.97,2.24,2.44
T_483,2.39,2.98,2.88,2.30,2.51,2.62,2.30,2.67
T_484,2.07,2.85,2.60,2.52,2.03,2.31,2.16,2.67
T_485,2.30,2.59,2.65,2.35,2.62,2.56,2.44,2.48
T_486,2.19,3.00,2.95,2.23,2.34,2.50,2.20,2.42
T_487,2.32,2.93,2.97,2.21,2.39,2.68,2.32,2.47
T_488,2.43,2.90,2.92,2.05,2.16,2.46,2.45,2.27
T_489,2.13,3.00,2.84,2.11,2.06,2.70,2.34,2.42
T_490,2.28,2.71,2.51,2.06,2.33,2.81,2.07,2.40
T_491,2.47,2.64,2.67,2.20,2.18,2.65,2.33,2.65
T_492,2.49,2.82,3.04,2.27,2.60,2.85,2.35,2.52
T_493,2.37,2.78,2.81,2.20,2.47,2.42,2.10,2.44
T_494,2.47,2.70,2.86,2.23,2.49,2.53,2.30,2.57
T_495,2.38,2.81,2.74,2.29,2.48,2.52,2.23,2.62
T_496,2.35,2.62,2.79,2.33,2.29,2.34,2.11,2.69
T_497,2.26,2.78,2.81,2.36,2.18,2.42,2.10,2.52
T_498,2.38,2.80,2.94,2.26,2.31,2.78,2.32,2.69
T_499,2.44,2.45,2.61,2.14,2.26,2.43,2.31,2.39
T_500,2.24,2.67,2.77,2.07,2.34,2.58,2.52,2.47
T_501,2.41,2.64,3.18,2.20,2.25,2.52,2.30,2.27
T_502,2.16,2.54,3.00,2.25,2.35,2.77,2.27,2.53
T_503,2.16,2.83,3.08,2.30,2.47,2.49,2.27,2.52
T_504,2.42,2.76,3.03,2.42,2.33,2.31,2.60,2.57
T_505,2.30,2.64,2.83,2.07,2.71,2.62,2.48,2.55
T_506,2.22,2.87,2.50,2.09,2.38,2.64,2.08,2.49
T_507,2.39,2.70,2.68,2.19,2.51,2.60,2.24,2.50
T_508,2.44,2.80,2.89,2.46,2.44,2.85,2.60,2.33
T_509,2.34,2.71,2.59,1.93,2.46,2.36,2.37,2.26
T_510,2.67,2.83,2.69,2.17,2.66,2.64,2.32,2.70
T_511,2.23,2.94,3.02,2.41,2.41,2.32,2.33,2.64
T_512,2.24,2.60,2.99,2.15,2.35,2.66,2.47,2.57
T_513,2.47,2.80,2.82,2.39,2.35,2.54,2.45,2.60
T_514,2.19,2.74,3.14,2.27,2.41,2.67,2.03,2.40
T_515,2.44,2.71,2.85,2.39,2.45,2.43,2.37,2.75
T_516,2.10,2.63,2.66,2.12,2.18,2.50,2.29,2.57
T_517,2.19,2.71,2.62,2.43,2.37,2.51,2.19,2.68
T_518,2.31,2.96,2.64,2.30,2.24,2.57,2.35,2.77
T_519,2.28,2.76,3.02,2.06,2.29,2.68,2.20,2.71
T_520,2.56,2.75,2.80,2.16,2.24,2.68,2.27,2.39
T_521,2.19,3.03,2.67,2.25,2.27,2.57,2.52,2.47
T_522,2.33,2.88,2.74,2.43,2.14,2.41,2.07,2.76
T_523,2.36,2.70,2.86,2.41,2.20,2.60,2.38,2.59
T_524,2.32,2.74,2.70,2.27,2.43,2.58,2.47,2.46
T_525,2.51,2.81,2.43,2.16,2.33,2.83,2.28,2.29
T_526,2.25,2.75,2.97,2.07,1.99,2.40,2.03,2.58
T_527,2.38,2.57,2.62,2.19,2.39,2.63,2.16,2.49
T_528,2.19,2.76,2.92,2.06,2.48,2.32,2.20,2.43
T_529,2.47,2.67,2.81,2.21,2.45,2.56,2.12,2.39
T_530,2.38,3.01,2.86,2.14,2.33,2.55,2.09,2.55
T_531,2.38,2.97,2.85,2.36,2.51,2.32,2.24,2.64
T_532,2.37,2.67,2.84,2.61,2.61,2.91,2.23,2.41
T_533,2.17,2.91,2.89,2.45,2.39,2.36,2.31,2.87
T_534,2.41,2.74,2.78,2.17,2.21,2.36,2.39,2.58
T_535,2.38,2.62,2.54,2.00,2.39,2.34,2.05,2.52
T_536,2.55,2.77,2.65,2.31,2.33,2.22,2.52,2.49
T_537,2.40,2.90,2.56,2.34,2.59,2.45,2.24,2.25
T_538,2.22,2.98,2.77,2.42,2.26,2.43,2.03,2.50
T_539,2.29,2.77,2.82,2.53,1.88,2.60,2.13,2.57
T_540,2.60,2.78,2.68,2.12,2.27,2.81,2.41,2.61
T_541,2.16,2.91,2.55,2.54,2.40,2.51,2.35,2.43
T_542,2.14,2.95,2.75,2.30,2.32,2.36,2.29,2.63
T_543,2.37,2.55,2.90,2.24,2.34,2.60,2.28,2.47
T_544,2.67,2.96,2.88,2.35,2.09,2.37,2.28,2.37
T_545,2.35,2.63,2.70,2.39,2.66,2.71,2.26,2.82
T_546,2.16,2.95,2.75,2.29,2.20,2.60,2.72,2.41
T_547,2.66,3.02,3.00,2.19,2.25,2.54,2.00,2.56
T_548,2.23,2.67,3.03,2.31,2.44,2.50,2.30,2.45
T_549,2.46,2.68,2.81,1.87,2.22,2.59,2.31,2.66
T_550,2.55,2.61,2.97,2.68,2.14,2.60,2.21,2.66
T_551,2.35,2.96,2.98,2.12,2.34,2.71,2.37,2.53
T_552,2.43,2.67,2.72,2.20,2.19,2.68,2.37,2.46
T_553,2.56,2.54,2.90,2.21,2.62,2.66,2.41,2.44
T_554,2.15,2.86,2.91,2.50,2.53,2.42,2.34,2.60
T_555,2.45,2.79,2.88,2.29,2.35,2.51,2.54,2.55
T_556,2.51,2.70,3.04,2.26,2.14,2.56,2.42,2.68
T_557,2.52,2.93,2.74,2.30,2.44,2.76,2.34,2.74
T_558,2.28,2.92,2.94,2.31,2.32,2.68,2.30,2.47
T_559,2.41,2.80,2.83,2.11,2.66,2.58,2.28,2.58
T_560,2.25,2.77,3.00,2.39,2.52,2.78,2.26,2.71
T_561,2.37,2.68,2.94,2.17,2.40,2.70,2.37,2.56
T_562,2.20,2.77,2.89,2.42,2.18,2.49,2.37,2.42
T_563,2.43,2.46,2.76,2.29,2.60,2.55,2.07,2.65
T_564,2.37,2.58,2.97,2.15,2.46,2.67,2.52,2.68
T_565,2.51,2.68,3.03,2.26,2.45,2.55,2.32,2.69
T_566,1.99,2.85,2.75,2.20,2.35,2.77,2.32,2.56
T_567,2.21,2.48,2.88,2.45,2.52,2.82,2.46,2.46
T_568,2.39,2.74,2.79,2.31,2.60,2.62,2.39,2.50
T_569,2.60,2.91,2.84,2.21,2.22,2.78,2.57,2.27
T_570,2.23,2.79,3.11,2.54,2.22,2.44,2.14,2.62
T_571,2.08,2.67,2.89,2.52,2.43,2.51,2.22,2.53
T_572,2.25,2.97,3.10,2.10,2.16,2.59,2.31,2.40
T_573,2.33,2.94,2.66,2.25,2.09,2.60,2.38,2.66
T_574,2.46,2.96,3.02,2.28,2.54,2.54,2.33,2.33
T_575,2.51,2.78,2.87,2.25,2.34,2.29,2.10,2.84
T_576,2.45,2.71,3.02,2.35,2.38,2.37,2.24,2.61
T_577,2.33,2.60,2.98,2.18,2.09,2.46,2.23,2.21
T_578,2.77,2.59,2.74,2.42,2.50,2.50,2.47,2.34
T_579,2.24,2.75,2.39,2.28,2.31,2.70,2.34,2.36
T_580,2.34,2.79,2.95,2.16,2.41,2.45,2.53,2.34
T_581,2.43,2.96,2.94,2.23,2.40,2.83,2.12,2.46
T_582,2.27,2.82,2.83,2.45,2.48,2.83,2.21,2.41
T_583,2.31,2.81,2.85,2.21,2.01,2.73,2.32,2.68
T_584,2.44,2.51,2.71,2.24,2.39,2.54,2.28,2.53
T_585,2.21,2.52,2.73,2.07,2.48,2.73,2.24,2.73
T_586,2.32,2.77,2.79,2.43,2.26,2.59,2.35,2.33
T_587,2.32,2.86,2.73,1.93,2.50,2.64,2.29,2.43
T_588,2.68,2.86,2.79,2.51,2.51,2.39,2.30,2.73
T_589,2.47,2.74,2.60,2.22,2.34,2.48,2.35,2.41
T_590,2.24,2.74,2.53,2.50,2.28,2.55,2.11,2.68
T_591,2.46,2.48,2.81,2.30,2.39,2.40,2.63,2.47
T_592,2.19,3.10,2.81,2.05,2.28,2.51,2.28,2.60
T_593,2.41,2.77,3.12,2.38,2.31,2.69,2.29,2.47
T_594,2.10,2.61,3.00,2.22,2.54,2.39,2.49,2.50
T_595,2.57,2.62,2.61,2.37,2.46,2.77,2.32,2.51
T_596,2.32,2.79,2.56,2.06,2.27,2.56,2.12,2.31
T_597,2.15,2.70,2.55,2.16,2.33,2.37,2.41,2.45
T_598,2.41,2.68,2.61,2.23,2.37,2.65,2.24,2.64
T_599,2.47,2.58,2.67,2.23,2.53,2.43,2.00,2.90
T_600,2.41,2.77,2.80,2.15,2.31,2.71,2.61,2.46
T_601,2.38,2.98,2.67,2.30,2.71,2.44,2.45,2.61
T_602,2.16,2.70,2.73,2.53,2.13,2.63,2.23,2.81
T_603,2.47,2.64,2.96,2.44,2.52,2.63,2.90,2.53
T_604,2.03,2.63,2.82,2.20,2.56,2.60,2.11,2.50
T_605,2.27,2.67,3.09,2.32,2.46,2.28,2.59,2.39
T_606,2.64,2.74,2.90,2.29,2.32,2.59,2.08,2.54
T_607,2.15,2.97,2.90,2.43,2.25,2.57,2.35,2.43
T_608,2.09,2.95,2.55,2.05,2.16,2.54,2.35,2.58
T_609,2.21,2.56,2.58,2.07,2.62,2.45,2.37,2.61
T_610,2.40,2.76,2.82,2.24,2.45,2.45,2.32,2.63
T_611,2.34,2.61,2.92,2.32,2.40,2.61,2.38,2.63
T_612,2.61,2.76,3.03,2.22,2.24,2.74,2.16,2.56
T_613,2.35,2.67,2.93,2.23,2.27,2.61,2.23,2.59
T_614,2.19,2.88,2.91,2.20,2.34,2.62,2.30,2.29
T_615,2.48,2.77,2.72,2.55,2.12,2.42,2.16,2.67
T_616,2.26,2.97,2.62,2.06,2.75,2.41,2.37,2.30
T_617,2.44,2.82,2.70,2.36,2.23,2.66,2.65,2.50
T_618,2.55,2.90,2.87,2.36,2.33,2.67,2.55,2.51
T_619,2.42,2.81,2.85,2.22,2.19,2.83,2.26,2.67
T_620,2.54,2.66,2.91,2.33,2.30,2.47,2.41,2.73
T_621,2.17,3.02,2.93,2.23,2.39,2.54,2.33,2.81
T_622,2.29,2.76,3.31,2.24,2.05,2.50,2.34,2.62
T_623,2.37,2.50,2.67,2.29,2.37,2.65,2.38,2.54
T_624,2.18,2.86,2.81,1.99,2.48,2.53,2.16,2.49
T_625,2.54,2.97,2.86,2.50,2.26,2.54,2.55,2.60
T_626,2.53,2.67,2.82,2.30,2.33,2.78,2.43,2.64
T_627,2.42,2.76,2.96,2.18,2.59,2.67,2.17,2.30
T_628,2.44,2.89,2.78,2.27,2.58,2.40,2.30,2.32
T_629,2.45,2.67,2.96,2.23,2.42,2.51,2.28,2.49
T_630,2.19,2.80,2.82,2.42,2.41,2.59,2.20,2.69
T_631,2.26,2.55,2.94,2.49,2.40,2.61,2.31,2.62
T_632,2.31,2.62,2.97,2.11,2.49,2.44,2.27,2.61
T_633,2.38,2.59,2.73,2.38,2.36,2.22,2.36,2.48
T_634,2.33,2.92,2.94,2.20,2.34,2.53,2.26,2.46
T_635,2.39,2.83,2.84,2.23,2.24,2.48,2.43,2.54
T_636,2.16,2.64,2.93,2.34,2.51,2.49,2.33,2.77
T_637,2.24,2.94,3.02,2.25,2.30,2.26,2.31,2.57
T_638,2.38,3.04,2.88,2.27,2.29,2.68,2.60,2.78
T_639,2.49,2.82,2.76,2.21,2.36,2.56,2.20,2.57
T_640,2.11,2.61,2.84,2.25,2.10,2.40,2.49,2.60
T_641,2.40,2.77,2.89,2.41,2.22,2.52,2.28,2.53
T_642,2.46,2.47,2.81,2.21,2.25,2.53,2.43,2.68
T_643,2.34,2.69,2.89,2.29,2.46,2.50,2.21,2.71
T_644,2.36,2.78,2.80,2.13,2.37,2.46,2.52,2.58
T_645,2.29,2.55,2.81,2.45,2.77,2.45,2.06,2.55
T_646,2.46,2.69,2.82,2.14,2.25,2.52,2.13,2.14
T_647,2.30,2.91,2.68,2.16,2.18,2.67,2.34,2.49
T_648,2.13,2.70,2.82,2.01,2.45,2.43,2.31,2.52
T_649,2.55,2.57,2.82,2.14,2.34,2.50,2.23,2.40
T_650,2.40,2.92,3.23,2.17,2.83,2.49,2.34,2.46
T_651,2.27,2.87,2.91,2.14,2.25,2.64,2.15,2.69
T_652,2.55,2.99,2.80,2.22,2.26,2.57,2.45,2.66
T_653,2.31,2.97,2.91,2.38,2.16,2.67,2.30,2.75
T_654,2.45,2.59,2.98,2.06,2.31,2.53,2.34,2.42
T_655,2.11,2.70,2.92,2.34,2.27,2.62,2.19,2.48
T_656,2.26,2.63,2.86,2.31,2.33,2.36,2.50,2.55
T_657,2.51,2.75,2.71,2.15,2.44,2.37,2.29,2.51
T_658,2.57,2.56,2.76,2.24,2.24,2.53,2.31,2.65
T_659,2.63,2.77,2.69,2.43,2.40,2.76,2.19,2.55
T_660,2.56,2.75,2.86,2.44,2.68,2.56,2.33,2.37
T_661,2.62,2.89,2.72,2.12,2.29,2.56,2.39,2.45
T_662,2.25,3.02,2.83,1.89,2.44,2.32,2.14,2.46
T_663,2.26,3.04,2.60,2.47,2.54,2.49,2.16,2.56
T_664,2.00,2.46,2.80,2.57,2.45,2.50,2.24,2.54
T_665,2.37,2.83,2.77,2.27,2.49,2.44,2.43,2.49
T_666,2.32,2.80,2.85,2.17,2.49,2.43,2.04,2.07
T_667,2.58,2.58,2.84,2.30,2.77,2.14,2.26,2.35
T_668,2.32,3.03,2.55,2.10,2.27,2.72,2.26,2.60
T_669,2.59,2.73,2.89,2.41,2.17,2.63,2.07,2.71
T_670,2.12,2.89,2.52,2.20,2.57,2.50,2.55,2.20
T_671,2.61,2.96,2.83,2.38,2.29,2.38,2.02,2.45
T_672,2.34,2.77,2.89,2.42,2.20,2.26,2.19,2.65
T_673,2.56,3.05,2.88,2.23,2.55,2.51,2.25,2.61
T_674,2.50,2.49,2.77,2.25,2.36,2.55,2.27,2.43
T_675,2.23,2.98,2.88,2.23,2.51,2.48,2.25,2.62
T_676,2.49,2.60,2.55,2.38,2.27,2.45,2.41,2.42
T_677,2.27,2.93,2.64,2.16,2.04,2.60,2.44,2.50
T_678,2.49,2.65,2.62,2.11,2.31,2.48,2.38,2.29
T_679,2.44,2.75,2.95,2.39,2.35,2.39,2.25,2.37
T_680,2.54,2.92,2.86,2.14,2.39,2.54,2.17,2.45
T_681,2.33,2.93,2.86,2.10,2.47,2.56,2.21,2.62
T_682,2.32,3.07,2.85,2.59,2.38,2.52,2.06,2.30
T_683,2.37,3.04,2.80,2.22,2.15,2.59,2.18,2.34
T_684,2.00,2.66,2.95,2.14,2.57,2.44,2.09,2.52
T_685,2.50,2.76,2.79,2.24,2.05,2.43,2.33,2.61
T_686,2.34,2.93,2.63,2.05,2.25,2.54,2.47,2.38
T_687,2.39,2.83,3.05,2.16,2.34,2.77,2.51,2.70
T_688,2.22,2.70,2.64,1.99,2.32,2.28,2.43,2.66
T_689,2.40,2.83,2.93,2.20,2.22,2.40,2.23,2.43
T_690,2.29,2.92,2.64,2.34,2.25,2.73,2.20,2.55
T_691,2.59,2.94,2.75,2.69,2.19,2.52,2.00,2.75
T_692,2.15,3.03,2.99,2.21,2.36,2.47,2.27,2.17
T_693,2.54,2.68,2.66,2.27,2.19,2.53,2.10,2.40
T_694,2.24,2.80,2.89,2.32,2.45,2.46,2.33,2.31
T_695,2.41,2.87,2.79,2.18,2.48,2.56,2.25,2.55
T_696,2.32,2.60,2.77,2.20,2.49,2.59,2.31,2.38
T_697,2.33,2.71,2.75,2.20,2.16,2.71,2.39,2.41
T_698,2.05,2.75,3.04,2.36,2.25,2.71,2.43,2.56
T_699,2.47,2.62,2.74,2.44,2.40,2.39,2.11,2.58
T_700,2.10,2.59,2.81,2.27,2.10,2.66,2.43,2.15
T_701,2.29,2.99,2.87,2.21,2.29,2.38,2.64,2.63
T_702,2.55,2.58,2.82,1.99,2.22,2.74,2.40,2.73
T_703,2.55,2.96,2.71,2.02,2.31,2.42,2.36,2.65
T_704,2.40,2.90,3.08,2.12,2.40,2.66,1.99,2.49
T_705,2.11,2.68,2.60,1.96,2.25,2.63,2.39,2.43
T_706,2.33,2.92,2.86,2.14,2.00,2.57,2.34,2.40
T_707,2.36,2.70,2.95,2.28,2.30,2.37,2.39,2.26
T_708,2.23,2.75,2.50,2.23,2.17,2.67,2.36,2.48
T_709,2.55,2.72,2.72,2.16,2.41,2.59,2.38,2.12
T_710,2.39,2.70,2.77,2.44,2.46,2.61,2.48,2.70
T_711,2.40,2.95,2.77,2.36,2.43,2.77,2.33,2.30
T_712,2.34,2.83,2.93,2.36,2.57,2.34,2.53,2.40
T_713,2.15,2.89,2.52,2.30,2.24,2.54,2.59,2.62
T_714,2.33,2.85,2.57,2.14,2.62,2.48,2.35,2.70
T_715,2.21,3.27,3.01,2.25,2.25,2.43,2.46,2.77
T_716,2.53,2.64,2.82,2.09,2.49,2.52,2.05,2.48
T_717,2.36,2.89,2.83,2.29,2.58,2.43,2.29,2.31
T_718,2.42,3.05,2.69,1.90,2.36,2.69,2.43,2.69
T_719,2.41,2.71,2.73,2.47,2.52,2.87,2.23,2.46
T_720,2.41,2.80,2.74,2.26,2.33,2.74,2.40,2.54
T_721,2.60,3.05,2.89,2.31,2.56,2.57,2.27,2.90
T_722,2.48,3.12,2.99,2.10,2.44,2.35,2.25,2.59
T_723,2.40,3.04,2.80,2.15,2.29,2.59,1.91,2.79
T_724,2.37,3.15,2.91,2.29,2.34,2.36,2.31,2.27
T_725,2.57,2.88,2.86,2.57,2.30,2.31,2.31,2.79
T_726,2.08,2.84,3.00,2.25,2.37,2.45,2.37,2.69
T_727,2.55,3.00,2.68,2.31,2.19,2.54,2.35,2.71
T_728,2.27,3.08,2.84,2.02,2.45,2.68,2.12,2.50
T_729,2.43,2.71,2.75,2.03,2.37,2.74,2.39,2.26
T_730,2.31,3.13,2.88,2.35,2.25,2.76,2.46,2.63
T_731,2.47,2.86,3.08,1.86,2.32,2.64,2.24,2.50
T_732,2.32,2.67,2.77,2.22,2.15,2.64,2.26,2.64
T_733,1.81,3.06,2.75,2.12,2.46,2.45,2.12,2.22
T_734,2.18,2.79,2.95,2.36,2.06,2.36,2.34,2.79
T_735,2.23,2.69,2.99,2.17,2.30,2.38,2.01,2.43
T_736,2.15,2.94,2.76,2.15,2.53,2.67,2.37,2.26
T_737,2.07,2.61,3.04,2.18,2.54,2.46,2.29,2.42
T_738,2.42,2.54,3.00,2.46,2.27,2.46,2.23,2.52
T_739,2.19,3.03,2.75,2.52,2.38,2.69,2.48,2.57
T_740,2.36,2.61,2.66,2.36,2.46,2.58,2.30,2.46
T_741,2.52,2.81,2.86,2.28,2.39,2.44,2.22,2.58
T_742,2.18,2.99,2.81,2.32,2.51,2.32,2.34,2.58
T_743,2.32,2.88,3.11,2.24,2.33,2.62,2.30,2.61
T_744,2.51,2.64,2.76,2.29,2.28,2.56,2.17,2.70
T_745,2.30,2.73,2.90,2.14,2.23,2.50,2.31,2.56
T_746,2.29,2.71,2.90,2.34,2.42,2.58,2.04,2.83
T_747,2.02,2.94,2.66,2.32,2.45,2.47,2.31,2.34
T_748,2.66,2.63,2.85,2.39,2.28,2.55,2.30,2.50
T_749,2.30,3.16,2.56,2.00,2.57,2.52,2.30,2.62
T_750,2.14,2.76,2.66,2.28,2.50,2.29,2.18,2.72
T_751,2.47,2.79,3.00,2.24,2.30,2.57,2.24,2.47
T_752,2.27,2.61,2.68,2.36,2.50,2.74,2.35,2.38
T_753,2.33,2.85,2.86,2.42,2.18,2.70,2.32,2.34
T_754,2.24,2.74,2.92,2.24,2.11,2.29,2.24,2.43
T_755,2.45,2.71,2.99,2.24,2.52,2.69,2.58,2.54
T_756,2.44,2.55,3.02,2.31,2.57,2.71,1.79,2.54
T_757,2.27,3.02,2.75,2.01,2.23,2.40,2.20,2.50
T_758,2.34,2.81,2.70,2.30,2.09,2.81,2.20,2.90
T_759,2.57,2.62,2.81,2.29,2.18,2.65,2.07,2.48
T_760,2.36,2.70,2.93,2.22,2.60,2.60,2.68,2.51
T_761,2.27,2.92,2.83,2.03,2.13,2.51,2.49,2.39
T_762,2.55,2.79,2.78,2.36,2.34,2.82,2.29,2.36
T_763,2.24,2.87,2.77,2.24,2.23,2.53,2.38,2.48
T_764,2.35,2.63,2.69,2.62,2.32,3.01,2.45,2.48
T_765,2.27,2.96,3.09,2.48,2.12,2.40,2.24,2.41
T_766,2.20,2.56,2.49,2.16,2.25,2.42,2.22,2.33
T_767,2.25,2.78,2.90,2.05,2.31,2.56,2.38,2.83
T_768,2.42,2.38,2.78,2.23,2.50,2.13,2.35,2.48
T_769,2.49,2.86,2.75,2.12,2.47,2.60,2.44,2.45
T_770,2.27,2.87,2.93,2.04,2.34,2.69,2.16,2.45
T_771,2.45,2.79,2.62,2.22,2.36,2.62,2.16,2.44
T_772,2.32,2.88,2.68,2.31,2.12,2.40,2.38,2.92
T_773,2.44,2.93,2.64,2.24,2.26,2.48,2.22,2.69
T_774,2.22,2.63,2.60,2.23,2.39,2.58,2.02,2.42
T_775,2.38,2.73,2.60,2.33,2.25,2.54,2.28,2.70
T_776,2.31,2.65,2.94,2.31,2.43,2.30,2.17,2.47
T_777,2.36,2.97,2.80,2.27,2.22,2.48,2.23,2.44
T_778,2.71,2.49,2.75,2.39,2.30,2.32,2.47,2.52
T_779,2.38,2.62,2.94,2.06,2.36,2.61,2.28,2.36
T_780,2.55,2.68,2.87,2.46,2.38,2.72,2.21,2.48
T_781,2.50,2.73,2.74,2.42,2.39,2.47,2.30,2.40
T_782,2.23,3.01,2.80,2.15,2.21,2.49,2.33,2.70
T_783,2.40,2.64,2.78,2.36,2.29,2.71,2.38,2.33
T_784,2.50,2.76,2.82,2.17,2.10,2.57,2.07,2.52
T_785,2.11,2.80,3.06,2.21,2.32,2.59,2.01,2.75
T_786,2.22,2.76,2.84,2.12,2.78,2.53,2.38,2.66
T_787,2.86,2.78,2.77,2.22,2.56,2.57,2.33,2.36
T_788,2.35,2.83,2.84,2.36,2.29,2.36,2.47,2.30
T_789,2.28,2.80,2.74,2.39,2.33,2.35,2.36,2.77
T_790,2.35,2.84,2.82,1.94,2.25,2.58,2.32,2.52
T_791,2.21,2.82,3.08,2.34,2.26,2.73,2.14,2.42
T_792,2.36,2.55,2.74,2.17,2.53,2.47,2.23,2.60
T_793,2.38,2.83,2.60,2.45,2.50,2.34,2.20,2.59
T_794,2.30,2.78,3.03,2.13,2.43,2.48,2.04,2.59
T_795,2.55,2.76,2.59,2.17,2.20,2.35,2.34,2.46
T_796,2.60,2.88,3.06,2.49,2.18,2.51,2.24,2.68
T_797,2.50,2.94,2.86,2.18,2.18,2.59,2.13,2.70
T_798,2.23,3.01,2.52,2.11,2.65,2.51,2.36,2.65
T_799,2.38,2.83,2.94,2.10,2.25,2.42,2.31,2.74
T_800,2.14,2.79,2.70,2.20,2.22,2.68,2.25,2.39
T_801,2.40,2.84,2.86,2.10,2.29,2.54,2.21,2.43
T_802,2.27,2.59,2.73,2.14,2.30,2.40,2.10,2.58
T_803,2.26,2.75,2.59,2.28,2.52,2.83,2.20,2.61
T_804,2.24,2.63,2.67,2.39,2.27,2.80,2.49,2.95
T_805,2.38,3.11,3.03,2.26,2.36,2.48,2.03,2.78
T_806,2.36,2.94,2.76,2.05,2.33,2.37,2.43,2.52
T_807,2.17,2.85,2.80,2.41,2.23,2.51,2.18,2.63
T_808,2.57,3.01,2.74,2.16,2.02,2.43,2.25,2.41
T_809,2.37,2.99,2.86,2.15,2.28,2.78,2.13,2.31
T_810,2.14,2.85,2.81,2.18,2.34,2.77,2.39,2.58
T_811,2.47,2.96,3.02,2.21,2.33,2.67,2.24,2.44
T_812,2.21,2.86,2.73,2.25,2.35,2.47,2.44,2.43
T_813,2.61,2.99,2.80,2.06,2.43,2.84,2.33,2.36
T_814,2.54,2.76,2.76,2.31,2.28,2.33,2.49,2.58
T_815,2.42,2.82,2.70,2.32,2.28,2.44,2.21,2.29
T_816,2.81,2.86,2.89,2.28,1.98,2.38,2.42,2.59
T_817,2.21,2.93,2.60,2.30,2.17,2.80,2.59,2.46
T_818,2.39,2.70,2.93,2.30,2.39,2.74,2.32,2.75
T_819,2.30,2.85,2.67,2.13,2.18,2.79,2.50,2.59
T_820,2.21,2.69,3.06,2.39,2.31,2.61,2.33,2.61
T_821,2.15,2.68,2.79,1.96,2.37,2.70,2.39,2.45
T_822,2.51,2.52,2.99,2.47,2.41,2.65,2.46,2.66
T_823,2.31,2.46,3.04,2.15,2.22,2.29,2.28,2.50
T_824,2.20,2.73,2.59,2.33,2.31,2.50,2.13,2.33
T_825,2.26,2.80,2.81,2.42,2.30,2.44,2.48,2.43
T_826,2.81,2.63,2.76,2.60,2.21,2.66,2.53,2.46
T_827,2.35,3.13,2.80,2.16,2.11,2.53,2.06,2.35
T_828,2.24,2.64,3.00,2.33,2.20,2.39,2.57,2.64
T_829,2.31,2.64,2.75,2.43,2.34,2.56,2.16,2.58
T_830,2.52,2.78,3.04,2.13,2.09,2.65,2.45,2.69
T_831,2.32,2.71,2.81,2.45,2.44,2.44,2.42,2.67
T_832,2.31,2.84,2.78,2.33,2.16,2.70,2.38,2.30
T_833,2.45,2.51,3.08,2.61,2.53,2.28,2.33,2.25
T_834,2.26,2.91,2.62,2.23,2.32,2.63,1.99,2.46
T_835,2.30,2.58,2.68,2.23,2.68,2.37,2.02,2.53
T_836,2.55,2.55,3.00,2.17,2.44,2.58,2.42,2.63
T_837,2.31,2.61,2.91,2.01,2.19,2.42,2.28,2.71
T_838,2.33,2.63,2.73,2.42,2.30,2.41,2.17,2.53
T_839,1.90,2.85,2.72,2.22,2.41,2.49,2.36,2.52
T_840,2.44,2.79,2.69,2.31,2.60,2.54,2.47,2.78
T_841,2.52,2.89,2.88,2.29,2.07,2.55,2.39,2.79
T_842,2.24,2.62,2.70,2.01,2.66,2.57,2.05,2.34
T_843,2.41,2.74,3.05,2.26,2.50,2.57,2.35,2.59
T_844,2.18,2.77,2.58,2.28,2.16,2.76,2.50,2.44
T_845,2.39,2.91,3.00,2.40,2.28,2.64,2.14,2.37
T_846,2.39,2.81,2.86,2.07,2.25,2.59,2.61,2.34
T_847,2.00,2.87,3.01,2.25,2.22,2.68,2.44,2.51
T_848,2.50,2.88,3.12,2.17,2.10,2.69,2.36,2.35
T_849,2.54,2.98,2.88,2.49,2.23,2.75,2.18,2.88
T_850,2.43,2.83,3.17,2.65,2.56,2.79,2.08,2.62
T_851,2.17,2.53,2.75,2.16,2.47,2.78,2.25,2.50
T_852,2.34,2.72,3.09,2.40,2.37,2.65,2.23,2.58
T_853,2.32,3.05,3.00,2.33,2.64,2.68,2.30,2.39
T_854,2.48,2.74,2.80,2.24,2.72,2.61,2.38,2.37
T_855,2.33,2.90,2.66,2.56,2.31,2.38,2.08,2.35
T_856,2.32,3.08,2.61,2.75,2.16,2.62,2.25,2.22
T_857,2.49,2.76,2.78,2.44,2.48,2.64,2.17,2.74
T_858,2.44,2.78,2.92,2.12,2.37,2.26,2.42,2.65
T_859,2.35,2.72,2.52,2.30,2.44,2.87,2.28,2.32
T_860,2.24,2.98,2.61,2.23,2.38,2.44,2.28,2.49
T_861,2.23,2.82,2.57,2.41,2.26,2.53,2.34,2.70
T_862,2.24,2.67,2.88,2.30,2.29,2.24,2.43,2.52
T_863,2.22,2.73,2.81,2.54,2.34,2.81,2.31,2.49
T_864,2.28,2.70,3.20,2.36,2.16,2.66,2.32,2.58
T_865,2.52,2.60,2.85,2.45,2.22,2.70,2.26,2.62
T_866,2.29,2.91,3.02,2.14,2.42,2.46,2.56,2.41
T_867,2.42,2.97,2.82,2.66,2.30,2.53,2.20,2.56
T_868,2.03,3.07,2.65,2.24,2.39,2.84,2.37,2.62
T_869,2.50,2.73,2.83,2.25,2.47,2.53,2.49,2.30
T_870,2.29,2.96,3.15,2.44,2.34,2.42,2.12,2.70
T_871,2.44,3.17,2.94,2.43,2.59,2.40,2.22,2.64
T_872,2.42,2.49,2.84,2.35,2.28,2.82,2.11,2.61
T_873,2.24,2.65,2.77,2.47,2.57,2.51,2.31,2.35
T_874,2.42,2.66,2.87,1.88,2.17,2.58,2.24,2.66
T_875,2.12,3.11,2.77,2.42,2.62,2.68,2.21,2.17
T_876,2.24,2.88,2.86,2.25,2.50,2.44,2.29,2.65
T_877,2.57,2.81,2.88,2.09,2.48,2.59,2.41,2.58
T_878,2.20,2.77,2.85,2.60,2.36,2.80,2.38,2.62
T_879,2.41,2.72,2.95,2.29,2.44,2.66,2.38,2.42
T_880,2.35,2.64,2.70,2.32,2.63,2.74,2.34,2.67
T_881,2.22,2.76,2.88,2.30,2.12,2.54,2.35,2.79
T_882,2.57,2.61,2.89,2.39,2.51,2.42,2.26,2.57
T_883,2.32,2.90,2.87,2.38,2.37,2.38,2.35,2.59
T_884,2.57,2.83,2.85,2.28,2.27,2.53,2.32,2.43
T_885,2.65,2.85,2.63,2.26,2.28,2.52,2.17,2.76
T_886,2.12,3.09,2.67,2.01,2.45,2.32,2.15,2.56
T_887,2.33,2.98,2.85,2.26,2.57,2.57,2.33,2.52
T_888,2.48,2.92,2.77,2.13,2.45,2.62,2.48,2.42
T_889,2.33,2.91,2.79,2.02,2.18,2.60,2.05,2.03
T_890,2.52,2.65,2.49,2.10,2.11,2.75,2.38,2.52
T_891,2.44,2.99,2.85,2.42,2.58,2.81,2.24,2.68
T_892,2.38,2.86,2.61,2.25,2.35,2.41,2.12,2.34
T_893,2.41,2.76,2.72,2.32,2.52,2.26,2.32,2.58
T_894,2.22,2.80,2.89,2.25,2.11,2.79,2.14,2.56
T_895,2.10,2.86,2.81,2.33,2.46,2.49,2.58,2.59
T_896,2.06,2.72,2.73,2.28,2.33,2.15,2.42,2.68
T_897,2.38,2.95,2.88,2.44,2.29,2.76,2.45,2.67
T_898,2.19,3.22,2.93,2.32,2.31,2.57,2.36,2.58
T_899,2.54,2.64,2.51,2.36,2.56,2.76,2.50,2.37
T_900,2.16,2.71,2.63,2.03,2.02,2.45,2.24,2.38
T_901,2.19,2.64,2.94,2.38,2.18,2.39,2.33,2.58
T_902,2.03,2.83,2.94,2.33,2.54,2.75,2.52,2.23
T_903,2.55,2.70,2.89,2.05,2.15,2.44,2.08,2.70
T_904,2.35,2.98,2.70,2.27,2.30,2.70,2.15,2.73
T_905,2.42,2.78,2.88,2.05,2.31,2.55,2.44,2.45
T_906,2.15,2.96,2.87,2.32,2.54,2.79,2.19,2.45
T_907,2.57,2.79,2.64,2.33,2.55,2.54,2.06,2.55
T_908,2.11,2.75,2.98,2.21,2.56,2.41,2.39,3.12
T_909,2.33,2.89,2.46,2.40,2.57,2.65,2.01,2.68
T_910,2.27,3.16,2.93,2.02,2.22,2.72,2.39,2.61
T_911,2.49,2.75,2.75,2.05,2.38,2.47,2.28,2.51
T_912,2.16,2.70,2.71,2.11,2.37,2.52,2.27,2.42
T_913,2.27,3.13,2.61,2.21,2.47,2.66,2.05,2.68
T_914,2.29,2.78,2.65,2.19,2.54,2.67,2.09,2.56
T_915,2.33,2.66,2.51,2.15,2.41,2.51,2.44,2.54
T_916,2.34,2.50,2.80,2.02,2.16,2.72,2.24,2.43
T_917,2.45,2.90,2.60,2.23,2.25,2.57,2.28,2.58
T_918,2.60,2.84,2.89,2.21,2.37,2.56,2.49,2.76
T_919,2.29,2.54,2.83,2.26,2.24,2.54,2.17,2.31
T_920,2.32,2.83,2.74,2.06,2.22,2.52,2.29,2.45
T_921,2.36,2.39,2.66,2.08,2.21,2.65,2.16,2.34
T_922,2.40,2.90,2.85,2.11,2.17,2.33,2.17,2.60
T_923,2.32,2.99,2.85,2.01,2.24,2.74,2.26,2.44
T_924,2.42,2.82,2.85,2.17,2.38,2.33,2.32,2.51
T_925,2.38,3.02,2.98,2.25,2.50,2.75,2.18,2.71
T_926,2.46,2.55,2.78,2.26,2.41,2.72,2.61,2.43
T_927,2.24,2.49,2.86,2.01,2.53,2.45,2.44,2.64
T_928,2.37,2.95,2.81,1.96,2.39,2.78,2.32,2.71
T_929,2.25,2.57,2.79,2.07,2.61,2.77,2.28,2.60
T_930,2.07,2.77,2.84,2.16,2.19,2.59,2.29,2.44
T_931,2.23,3.07,2.76,2.14,2.30,2.56,2.41,2.81
T_932,2.36,2.90,2.62,1.94,2.55,2.52,2.18,2.59
T_933,2.26,2.76,2.75,2.32,2.08,2.58,2.27,2.52
T_934,2.19,2.77,2.88,2.30,2.31,2.40,2.37,2.54
T_935,2.56,2.97,3.03,2.28,2.30,2.49,2.24,2.36
T_936,2.52,2.67,2.69,2.34,2.23,2.44,2.32,2.53
T_937,2.44,2.84,2.95,2.43,2.12,2.65,2.21,2.36
T_938,2.44,2.82,2.87,2.15,2.49,2.42,2.16,2.77
T_939,2.14,2.84,2.98,2.26,2.30,2.62,2.22,2.37
T_940,2.42,2.77,2.69,2.30,2.54,2.74,2.17,2.53
T_941,2.59,2.54,2.67,2.37,2.21,2.47,2.35,2.66
T_942,2.54,2.57,2.68,2.03,2.19,2.39,2.13,2.55
T_943,2.35,2.95,2.79,2.32,2.65,2.64,2.30,2.39
T_944,2.52,2.75,2.67,2.16,2.53,2.43,2.52,2.35
T_945,2.30,2.96,2.74,2.42,2.88,2.67,2.32,2.42
T_946,2.29,2.89,2.86,2.03,2.57,2.52,2.30,2.48
T_947,2.41,2.47,3.08,2.03,2.37,2.75,2.38,2.39
T_948,2.41,2.88,2.84,2.47,2.46,2.45,2.47,2.69
T_949,2.25,2.75,2.70,2.20,2.20,2.44,2.27,2.50
T_950,2.31,2.92,2.46,2.29,2.48,2.68,2.15,2.37
T_951,2.50,2.64,2.61,2.35,2.45,2.36,2.43,2.47
T_952,2.38,2.93,2.77,2.19,2.49,2.40,2.60,2.41
T_953,2.37,3.08,2.82,2.17,2.60,2.54,2.25,2.54
T_954,2.39,2.51,2.90,2.14,2.58,2.48,2.22,2.39
T_955,2.49,2.63,2.61,2.12,2.11,2.28,2.60,2.57
T_956,2.33,2.69,2.72,2.13,2.43,2.56,2.44,2.36
T_957,2.39,2.92,2.99,2.21,2.51,2.79,2.33,2.42
T_958,2.52,2.92,2.89,2.16,2.45,2.50,2.40,2.41
T_959,2.27,2.69,2.55,2.14,2.15,2.73,2.45,2.57
T_960,2.25,2.82,2.72,2.37,2.40,2.52,2.52,2.49
T_961,2.13,2.93,2.88,2.60,2.15,2.56,2.03,2.46
T_962,2.45,2.68,2.79,2.27,2.25,2.62,2.19,2.58
T_963,2.27,2.81,2.86,2.36,2.38,2.58,2.24,2.56
T_964,2.26,2.76,2.83,2.11,2.41,2.75,2.07,2.82
T_965,2.07,2.80,2.97,2.30,2.29,2.60,2.27,2.40
T_966,2.27,2.50,2.94,2.39,2.52,2.72,2.15,2.57
T_967,2.20,2.90,2.67,2.37,2.32,2.35,2.49,2.47
T_968,2.29,2.78,2.77,2.38,2.26,2.62,2.08,2.50
T_969,2.41,2.92,2.81,2.41,2.31,2.63,2.15,2.52
T_970,2.34,2.94,2.63,2.22,2.26,2.46,2.11,2.49
T_971,2.58,2.92,2.77,2.15,2.44,2.68,2.33,2.26
T_972,2.18,2.93,3.07,2.35,2.42,2.65,2.16,2.58
T_973,2.33,2.93,2.63,2.37,2.37,2.63,2.10,2.18
T_974,2.26,3.03,2.76,2.52,2.20,2.69,2.42,2.31
T_975,2.30,2.74,2.94,2.37,2.50,2.64,2.35,2.47
T_976,2.37,2.53,2.77,2.47,2.27,2.50,2.49,2.49
T_977,2.47,2.80,2.80,2.40,2.23,2.80,2.34,2.69
T_978,2.36,2.82,2.80,2.22,2.31,2.43,1.96,2.55
T_979,2.38,2.92,2.70,2.32,2.50,2.34,2.38,2.38
T_980,2.44,2.85,2.90,2.22,2.32,2.49,2.34,2.50
T_981,2.37,2.76,2.46,2.32,2.46,2.72,2.31,2.51
T_982,2.28,2.96,2.48,2.58,2.38,2.53,2.52,2.51
T_983,2.34,2.78,2.67,2.30,2.36,2.57,2.39,2.52
T_984,2.37,2.60,2.78,2.53,2.58,2.48,2.17,2.54
T_985,2.11,2.49,2.52,1.98,2.23,2.74,2.42,2.51
T_986,2.58,2.71,2.74,2.26,2.36,2.58,2.12,2.52
T_987,2.38,3.13,2.93,2.14,2.31,2.89,2.34,2.43
T_988,2.46,2.80,2.70,2.36,2.31,2.45,2.12,2.50
T_989,2.38,2.72,2.46,2.37,2.40,2.21,2.18,2.51
T_990,2.17,2.82,2.71,2.16,2.27,2.62,2.22,2.46
T_991,2.25,2.56,2.77,2.44,2.41,2.76,2.50,2.52
T_992,2.35,3.05,2.78,2.41,2.53,2.58,2.54,2.44
T_993,2.17,2.62,2.84,2.56,2.43,2.40,2.47,2.81
T_994,2.53,2.65,2.69,2.29,2.24,2.61,2.59,2.35
T_995,2.18,2.73,2.80,2.23,2.19,2.60,2.12,2.37
T_996,2.59,3.00,2.95,2.27,2.53,2.53,2.19,2.34
T_997,2.39,2.96,2.72,2.42,2.47,2.56,2.15,2.41
T_998,2.44,2.90,2.73,2.50,2.30,2.31,2.17,2.52
T_999,2.18,2.88,2.78,2.26,2.31,2.65,2.28,2.49
T_1000,2.31,2.51,2.73,2.30,2.37,2.40,2.24,2.32
T_1001,2.30,3.03,3.20,2.48,2.35,2.41,2.42,2.79
T_1002,2.56,2.87,2.60,2.09,2.32,2.75,2.34,2.50
T_1003,2.76,2.72,2.75,1.95,2.49,2.37,2.20,2.54
T_1004,2.62,2.65,2.64,2.04,2.60,2.64,2.57,2.60
T_1005,2.00,2.88,2.88,2.61,2.44,2.58,2.32,2.34
T_1006,2.37,2.49,3.09,2.31,2.57,2.43,2.46,2.56
T_1007,2.17,2.74,2.94,2.47,2.52,2.53,2.20,2.75
T_1008,2.35,3.09,2.81,2.44,2.22,2.79,2.51,2.58
T_1009,2.30,2.59,3.01,2.24,2.58,2.62,2.55,2.61
T_1010,2.12,2.84,3.02,2.26,2.26,2.37,2.22,2.87
T_1011,2.19,2.79,3.00,2.18,2.35,2.57,2.07,2.49
T_1012,2.45,3.00,2.86,2.03,2.27,2.86,2.42,2.36
T_1013,2.34,2.72,2.82,2.47,2.39,2.66,2.21,2.35
T_1014,2.27,2.95,2.87,2.39,2.36,2.67,2.42,2.68
T_1015,2.38,2.97,2.76,2.16,2.33,2.31,2.03,2.60
T_1016,2.20,2.90,2.92,2.26,2.32,2.65,2.26,2.37
T_1017,2.45,2.77,2.76,2.25,2.34,2.63,2.53,2.40
T_1018,2.31,2.94,2.58,2.35,2.52,2.60,2.19,2.55
T_1019,2.51,2.69,2.65,2.31,2.48,2.65,2.37,2.64
T_1020,2.19,2.47,2.92,2.08,2.35,2.62,2.09,2.58
T_1021,2.41,2.90,2.70,2.20,2.45,2.35,2.34,2.44
T_1022,2.30,2.67,2.63,2.14,2.33,2.55,2.20,2.55
T_1023,2.16,2.80,2.58,2.24,2.38,2.73,2.30,2.56
T_1024,2.22,2.71,2.65,2.22,2.51,2.40,2.18,2.26
T_1025,2.37,3.02,2.78,2.21,2.33,2.75,2.21,2.53
T_1026,2.45,2.48,2.72,2.36,2.43,2.55,2.28,2.73
T_1027,2.30,2.99,3.00,2.31,2.26,2.53,2.45,2.49
T_1028,2.33,2.86,2.85,2.26,2.40,2.25,2.16,2.42
T_1029,2.29,2.75,2.98,2.34,2.25,2.69,2.33,2.70
T_1030,2.28,2.76,2.86,2.31,2.21,2.50,2.42,2.59
T_1031,2.64,2.81,2.71,2.30,2.36,2.33,2.57,2.76
T_1032,2.46,2.95,2.77,2.30,2.32,2.35,2.26,2.28
T_1033,2.59,2.87,2.98,2.14,2.28,2.51,2.46,2.49
T_1034,2.30,2.67,2.95,2.28,2.57,2.67,2.22,2.47
T_1035,2.42,2.67,2.84,2.20,2.40,2.61,2.35,2.74
T_1036,2.34,2.80,2.89,2.16,2.51,2.84,2.24,2.49
T_1037,2.63,2.60,2.77,2.24,2.65,2.69,2.48,2.75
T_1038,2.40,3.11,2.95,2.27,2.86,2.43,2.15,2.57
T_1039,2.59,3.07,2.84,2.30,2.15,2.55,2.33,2.42
T_1040,2.39,2.78,2.86,2.22,2.46,2.54,2.28,2.42
T_1041,2.30,2.78,2.74,2.14,2.40,2.93,2.40,2.32
T_1042,2.22,2.53,2.91,2.25,2.31,2.81,2.24,2.31
T_1043,2.27,3.22,2.76,2.40,2.28,2.51,2.39,2.48
T_1044,2.47,2.63,2.86,2.39,2.39,2.43,2.03,2.61
T_1045,2.28,2.60,2.90,2.23,2.50,2.34,2.11,2.45
T_1046,2.37,3.24,2.82,2.26,2.30,2.54,2.12,2.39
T_1047,2.47,2.76,2.68,2.28,2.30,2.62,2.34,2.37
T_1048,2.54,2.94,2.46,2.06,2.09,2.40,2.52,2.97
T_1049,2.20,2.67,2.79,2.25,2.16,2.42,2.40,2.46
T_1050,2.31,2.83,2.77,2.35,2.49,2.47,2.22,2.53
T_1051,2.17,2.93,2.87,2.47,2.29,2.72,2.34,2.61
T_1052,2.38,2.90,2.76,1.95,2.54,2.37,1.85,2.49
T_1053,2.34,2.84,2.83,2.08,2.30,2.55,2.34,2.46
T_1054,2.49,2.84,3.01,2.26,2.07,2.35,2.12,2.56
T_1055,2.17,2.87,2.71,2.62,2.44,2.62,2.41,2.37
T_1056,2.28,2.92,2.94,2.54,2.46,2.74,2.24,2.68
T_1057,2.10,2.92,2.79,2.24,2.31,2.33,2.19,2.31
T_1058,2.44,2.75,2.79,2.17,2.56,2.49,2.42,2.53
T_1059,2.27,2.79,2.81,2.33,2.39,2.60,2.28,2.68
T_1060,2.25,2.73,2.69,2.19,2.33,2.69,2.36,2.50
T_1061,2.39,2.78,2.96,2.51,2.35,2.49,2.32,2.67
T_1062,2.44,2.79,2.62,2.24,2.17,2.71,2.21,2.34
T_1063,2.27,2.87,2.69,2.24,2.23,2.69,2.32,2.40
T_1064,2.35,2.77,2.61,2.35,2.16,2.67,2.44,2.56
T_1065,2.38,3.13,3.09,2.11,2.17,2.39,2.28,2.61
T_1066,2.30,2.92,2.72,2.23,2.37,2.51,2.34,2.53
T_1067,2.21,2.88,2.77,2.45,2.39,2.53,2.03,2.59
T_1068,2.24,2.95,2.56,2.33,2.49,2.59,2.16,2.59
T_1069,2.45,2.80,2.73,2.29,2.41,2.68,2.31,2.55
T_1070,2.37,3.05,2.80,2.13,2.40,2.38,2.39,2.65
T_1071,2.29,2.67,2.84,2.09,2.54,2.95,2.54,2.41
T_1072,2.27,2.66,2.66,2.13,2.62,2.45,2.33,2.85
T_1073,2.43,2.89,2.82,2.03,2.58,2.52,2.22,2.17
T_1074,2.34,2.85,2.60,2.23,2.37,2.44,2.42,2.65
T_1075,2.22,2.64,2.88,2.50,2.40,2.66,2.09,2.36
T_1076,2.17,2.70,2.97,2.31,2.37,2.75,2.35,2.61
T_1077,2.36,2.72,2.63,2.42,2.37,2.46,2.39,2.45
T_1078,2.57,3.00,2.79,2.24,2.24,2.61,2.47,2.42
T_1079,2.31,2.93,2.86,2.08,1.86,2.35,2.30,2.71
T_1080,2.21,2.44,2.96,2.39,2.37,2.66,2.21,2.84
T_1081,2.21,2.91,2.71,2.55,2.41,2.54,2.30,2.41
T_1082,2.48,2.95,2.84,2.39,2.60,2.52,2.32,2.48
T_1083,2.05,2.95,2.74,2.13,2.30,2.49,2.55,2.45
T_1084,2.26,2.73,2.96,2.34,2.29,2.51,2.41,2.50
T_1085,2.32,2.88,2.83,2.36,2.38,2.48,2.45,2.66
T_1086,2.24,3.01,2.97,2.50,2.48,2.47,2.18,2.44
T_1087,2.62,2.85,2.73,2.45,2.49,2.76,2.27,2.59
T_1088,2.48,2.74,2.86,2.30,2.44,2.35,2.41,2.29
T_1089,2.35,2.80,2.78,2.43,2.30,2.36,2.26,2.56
T_1090,2.48,2.93,2.42,2.41,2.10,2.61,2.14,2.51
T_1091,2.32,2.65,2.65,2.23,2.34,2.45,2.45,2.59
T_1092,2.08,2.93,2.86,2.56,2.52,2.60,2.21,2.46
T_1093,2.36,2.68,2.63,2.33,2.27,2.56,2.59,2.41
T_1094,2.26,2.68,2.64,2.42,2.58,2.65,2.32,2.58
T_1095,2.25,2.73,2.76,2.42,2.16,2.42,2.33,2.76
T_1096,2.51,2.82,2.82,2.17,2.45,2.50,2.42,2.47
T_1097,2.20,2.65,2.67,2.06,2.33,2.46,2.21,2.71
T_1098,2.33,2.74,2.96,2.03,2.37,2.41,2.53,2.69
T_1099,2.33,2.80,2.64,2.06,2.42,2.47,2.21,2.59
T_1100,2.37,2.63,2.69,2.37,2.36,2.63,2.21,2.41
T_1101,2.63,2.65,2.63,2.44,2.35,2.31,2.05,2.54
T_1102,2.20,3.01,2.95,2.27,2.55,2.75,2.49,2.55
T_1103,2.32,2.88,2.56,2.26,2.28,2.53,2.16,2.58
T_1104,2.49,2.81,2.90,2.57,2.07,2.39,2.31,2.63
T_1105,2.45,2.69,2.65,2.37,2.34,2.35,2.27,2.71
T_1106,2.23,2.74,3.04,2.38,2.18,2.68,2.31,2.73
T_1107,2.26,2.90,2.93,2.45,2.53,2.52,2.37,2.65
T_1108,2.50,2.85,2.72,2.11,2.35,2.55,2.23,2.56
T_1109,2.15,2.69,2.94,2.35,2.46,2.56,2.32,2.54
T_1110,2.58,2.78,2.70,2.15,2.26,2.78,2.34,2.38
T_1111,2.59,2.80,2.70,2.52,2.60,2.36,2.52,2.30
T_1112,2.35,2.83,2.86,2.10,2.08,2.64,2.27,2.79
T_1113,2.39,2.60,2.80,2.07,2.29,2.82,2.09,2.45
T_1114,2.40,2.91,2.61,2.19,2.32,2.49,2.49,2.31
T_1115,2.29,2.78,2.68,2.20,2.62,2.43,2.56,2.41
T_1116,2.38,2.89,3.17,2.31,2.43,2.40,2.35,2.41
T_1117,2.04,2.73,2.94,2.33,2.27,2.33,2.25,2.44
T_1118,2.09,2.61,2.70,2.37,2.41,2.58,2.09,2.45
T_1119,2.20,2.56,2.78,2.48,2.38,2.47,2.35,2.70
T_1120,2.23,2.49,2.91,2.35,2.33,2.58,2.27,2.54
T_1121,2.40,2.67,2.73,2.15,2.53,2.78,2.48,2.34
T_1122,2.48,2.86,2.63,2.39,2.20,2.30,2.30,2.41
T_1123,2.44,3.05,2.80,2.33,2.58,2.41,2.18,2.67
T_1124,2.33,2.78,2.91,2.38,2.21,2.58,2.22,2.68
T_1125,2.33,2.48,2.78,2.27,2.15,2.47,2.31,2.45
T_1126,2.40,2.83,2.65,2.28,2.33,2.21,2.37,2.49
T_1127,2.21,2.78,2.60,2.21,2.36,2.69,2.19,2.45
T_1128,2.20,2.87,2.51,2.40,2.36,2.52,2.43,2.58
T_1129,2.24,2.62,2.60,2.45,2.41,2.73,2.28,2.58
T_1130,2.13,2.83,2.73,2.25,2.48,2.72,2.40,2.44
T_1131,2.26,2.70,2.50,2.25,2.38,2.27,2.43,2.27
T_1132,2.30,2.94,2.90,2.31,2.26,2.46,2.29,2.56
T_1133,2.18,2.71,2.81,2.34,2.28,2.48,2.52,2.45
T_1134,2.21,2.84,2.82,2.11,2.68,2.72,2.29,2.61
T_1135,2.24,2.86,2.75,2.25,2.47,2.64,2.37,2.38
T_1136,2.49,3.01,2.95,2.64,2.34,2.61,2.54,2.69
T_1137,2.52,2.76,2.71,2.30,2.55,2.63,2.48,2.49
T_1138,2.21,2.74,2.98,2.08,2.11,2.57,2.01,2.59
T_1139,2.48,2.51,2.62,2.15,2.69,2.46,2.39,2.54
T_1140,2.32,2.55,2.94,2.53,2.37,2.50,2.42,2.66
T_1141,2.18,2.84,2.65,2.60,2.59,2.38,2.31,2.62
T_1142,2.29,2.90,2.83,2.21,2.34,2.57,2.40,2.64
T_1143,2.23,2.95,2.66,2.32,2.49,2.39,2.08,2.54
T_1144,2.22,2.74,2.62,2.20,2.27,2.74,2.35,2.57
T_1145,2.13,3.21,2.94,2.41,2.21,2.70,2.45,2.59
T_1146,2.34,3.04,2.92,2.31,2.07,2.79,2.46,2.74
T_1147,2.10,2.91,2.65,1.96,2.53,2.67,2.10,2.66
T_1148,2.23,2.89,2.70,2.38,2.26,2.21,2.13,2.69
T_1149,2.40,2.92,2.70,2.22,2.34,2.49,2.28,2.40
T_1150,2.57,2.63,2.91,2.36,2.10,2.68,2.25,2.28
T_1151,2.30,2.85,2.89,2.17,2.28,2.41,2.42,2.50
T_1152,2.33,2.75,2.97,2.07,2.57,2.78,2.24,2.51
T_1153,2.42,2.78,2.86,2.51,2.34,2.53,2.62,2.46
T_1154,2.29,2.80,2.77,2.30,2.62,2.45,2.45,2.36
T_1155,2.50,2.85,2.80,2.30,2.44,2.46,2.08,2.66
T_1156,2.11,2.55,2.73,2.48,2.59,2.61,2.44,2.46
T_1157,2.36,2.67,2.78,2.32,2.20,2.36,2.30,2.54
T_1158,2.19,2.68,2.95,2.20,2.57,2.67,2.38,2.41
T_1159,2.34,2.82,3.11,2.56,2.30,2.48,2.32,2.54
T_1160,2.50,2.75,2.57,2.18,2.46,2.52,2.37,2.72
T_1161,2.32,2.53,2.91,2.33,2.64,2.75,2.55,2.55
T_1162,2.25,2.96,2.85,2.22,2.37,2.51,2.59,2.61
T_1163,2.32,2.84,2.89,2.30,2.38,2.54,2.37,2.87
T_1164,2.25,2.82,2.82,2.25,2.42,2.47,2.42,2.44
T_1165,2.32,2.82,2.92,2.35,2.05,2.50,2.56,2.73
T_1166,2.26,2.55,2.91,2.18,2.24,2.39,2.30,2.38
T_1167,2.20,2.68,2.73,2.06,2.29,2.48,2.24,2.65
T_1168,2.11,2.62,2.87,2.12,2.25,2.36,2.32,2.40
T_1169,2.39,2.65,2.88,2.27,2.23,2.50,2.34,2.42
T_1170,2.26,2.83,3.00,2.30,2.28,2.44,2.18,2.63
T_1171,2.12,3.19,2.66,2.23,2.30,2.51,2.46,2.79
T_1172,2.13,2.99,2.85,2.16,2.58,2.54,2.08,2.51
T_1173,2.43,3.03,2.83,2.23,2.38,2.61,2.12,2.40
T_1174,2.18,2.62,2.70,2.43,2.20,2.56,2.23,2.25
T_1175,2.33,2.96,2.73,2.15,2.30,2.35,2.44,2.63
T_1176,2.46,2.80,2.96,2.16,2.30,2.38,2.52,2.24
T_1177,2.75,2.65,2.80,2.19,2.46,2.76,1.85,2.77
T_1178,2.35,2.70,2.58,2.19,2.01,2.72,2.43,2.60
T_1179,2.53,2.91,2.89,1.97,2.33,2.59,2.47,2.54
T_1180,2.09,3.14,2.88,2.35,2.17,2.59,2.34,2.51
T_1181,2.22,2.80,2.72,2.10,2.26,2.42,2.27,2.37
T_1182,2.33,2.78,2.85,2.06,2.46,2.46,2.39,2.35
T_1183,2.37,2.96,2.69,2.20,2.34,2.29,2.32,2.60
T_1184,2.09,2.70,2.77,2.42,2.44,2.29,2.20,2.52
T_1185,2.45,2.95,2.63,2.38,2.30,2.73,2.59,2.78
T_1186,2.39,2.97,2.87,2.12,2.30,2.49,2.20,2.17
T_1187,2.36,3.03,2.75,2.28,2.48,2.58,2.38,2.54
T_1188,2.37,2.82,2.80,2.26,2.52,2.44,2.40,2.75
T_1189,2.24,2.75,2.90,2.39,2.48,2.23,2.15,2.49
T_1190,2.56,2.59,2.67,2.26,2.56,2.65,2.26,2.40
T_1191,2.34,3.09,3.03,2.36,2.29,2.90,2.39,2.37
T_1192,2.26,2.44,3.05,1.98,2.30,2.72,2.27,2.59
T_1193,2.38,2.85,2.63,2.57,2.21,2.67,2.04,2.52
T_1194,2.16,2.85,2.77,2.18,2.52,2.66,2.52,2.35
T_1195,2.25,2.78,2.84,2.25,2.20,2.81,2.31,2.59
T_1196,2.25,2.99,2.66,2.12,2.07,2.65,2.45,2.67
T_1197,2.34,3.15,2.77,2.55,2.26,2.85,2.37,2.59
T_1198,2.26,2.82,2.87,2.38,2.45,2.55,1.86,2.54
T_1199,2.34,2.94,3.01,2.26,2.33,2.51,2.01,2.68
T_1200,2.12,2.94,2.92,2.45,2.35,2.56,2.34,2.51
T_1201,2.14,2.80,2.54,2.16,2.42,2.62,2.38,2.50
T_1202,2.37,2.84,2.86,2.20,2.34,2.37,1.98,2.55
T_1203,2.31,2.85,2.65,2.33,2.18,2.57,2.21,2.25
T_1204,2.21,2.71,2.77,2.33,2.15,2.56,2.25,2.59
T_1205,2.35,2.92,2.98,2.02,1.93,2.47,2.52,2.32
T_1206,2.36,2.94,2.80,2.21,2.18,2.52,2.45,2.39
T_1207,2.57,2.79,3.02,2.40,2.41,2.46,2.26,2.46
T_1208,2.37,3.00,2.86,2.22,2.33,2.63,2.57,2.72
T_1209,2.21,2.60,2.99,2.47,2.40,2.69,2.15,2.53
T_1210,2.32,2.49,2.88,2.33,2.49,2.21,2.29,2.47
T_1211,2.46,3.05,2.92,2.31,2.48,2.51,2.27,2.19
T_1212,2.40,2.64,2.94,2.22,2.24,2.62,2.10,2.38
T_1213,2.23,2.84,2.74,2.37,2.42,2.94,2.25,2.42
T_1214,2.48,2.66,2.80,2.17,2.25,2.70,2.27,2.72
T_1215,2.22,2.90,2.88,2.00,2.04,2.73,2.24,2.68
T_1216,2.29,2.85,2.77,2.32,2.32,2.48,2.42,2.64
T_1217,2.06,2.77,2.65,2.24,2.44,2.76,2.14,2.26
T_1218,2.33,2.81,2.78,2.22,2.26,2.57,2.18,2.54
T_1219,2.36,2.77,2.54,2.33,2.48,2.70,2.41,2.50
T_1220,2.29,2.55,2.66,2.37,2.21,2.68,2.34,2.49
T_1221,2.32,2.90,2.71,2.22,2.06,2.79,2.14,2.66
T_1222,2.22,2.66,2.88,2.28,2.15,2.54,2.27,2.64
T_1223,2.39,3.01,2.98,2.78,2.29,2.56,2.18,2.12
T_1224,2.36,2.95,2.63,2.15,2.42,2.63,2.24,2.24
T_1225,2.40,2.67,3.09,2.08,2.31,2.54,2.34,2.54
T_1226,2.38,2.97,2.68,2.05,2.43,2.49,2.46,2.37
T_1227,2.33,2.79,2.96,2.30,2.44,2.59,2.15,2.70
T_1228,2.37,2.48,3.02,2.48,2.64,2.56,2.17,2.45
T_1229,2.36,2.91,2.65,2.17,2.63,2.47,2.52,2.28
T_1230,2.30,2.74,2.84,2.31,2.52,2.31,2.44,2.64
T_1231,2.11,2.71,2.95,2.24,2.44,2.23,2.10,2.78
T_1232,2.55,2.86,2.65,2.06,2.46,2.40,2.40,2.44
T_1233,2.64,2.95,2.89,2.40,2.47,2.64,2.27,2.68
T_1234,2.37,2.79,2.95,2.33,2.57,2.59,2.60,2.85
T_1235,2.23,2.83,3.02,1.96,2.40,2.54,2.42,2.63
T_1236,2.37,2.52,2.69,2.26,2.52,2.66,2.38,2.74
T_1237,2.15,2.78,2.71,2.38,2.42,2.50,2.03,2.61
T_1238,2.41,2.73,2.83,1.97,2.45,2.61,2.40,2.63
T_1239,2.56,2.78,2.59,2.09,2.49,2.46,2.33,2.61
T_1240,2.40,2.94,2.62,2.26,2.60,2.55,2.20,2.87
T_1241,2.53,2.89,2.61,2.12,2.66,2.46,2.18,2.62
T_1242,2.06,2.97,2.82,2.27,2.21,2.64,2.24,2.64
T_1243,2.29,2.65,2.85,2.16,2.31,2.49,2.51,2.62
T_1244,2.16,2.64,2.89,2.22,2.58,2.76,2.35,2.32
T_1245,2.57,2.91,2.96,2.40,2.39,2.47,2.35,2.52
T_1246,2.33,2.69,3.04,2.38,2.45,2.33,2.50,2.55
T_1247,2.30,2.98,2.88,2.21,2.35,2.74,2.39,2.43
T_1248,2.42,2.61,2.83,2.30,2.33,2.68,2.40,2.53
T_1249,2.49,2.85,2.76,2.27,2.28,2.48,2.40,2.39
T_1250,2.43,2.84,2.76,2.56,2.49,2.68,2.44,2.53
T_1251,2.24,2.40,3.09,2.19,2.67,2.69,2.47,2.56
T_1252,2.40,2.81,2.82,2.46,2.18,2.50,2.32,2.83
T_1253,2.42,2.98,2.90,2.18,2.43,2.60,2.21,2.58
T_1254,2.30,2.82,2.88,2.20,2.64,2.78,2.26,2.42
T_1255,2.45,2.85,2.72,2.42,2.52,2.69,2.34,2.42
T_1256,2.24,2.84,3.03,2.28,2.35,2.75,2.13,2.80
T_1257,2.43,2.78,2.98,2.29,2.58,2.47,2.38,2.30
T_1258,2.62,2.83,2.77,2.35,2.17,2.26,2.52,2.36
T_1259,2.41,2.67,3.15,2.43,2.41,2.47,2.34,2.63
T_1260,2.23,2.90,2.76,2.20,2.36,2.76,2.12,2.32
T_1261,2.42,2.81,2.71,2.41,2.48,2.70,2.33,2.57
T_1262,2.47,2.71,2.78,2.22,2.57,2.51,2.43,2.47
T_1263,2.45,2.68,2.99,2.12,2.41,2.62,2.37,2.50
T_1264,2.22,2.77,2.83,2.46,2.34,2.57,2.45,2.46
T_1265,2.35,2.80,2.65,2.44,2.08,2.65,2.52,2.71
T_1266,2.37,2.61,2.93,2.42,2.19,2.47,2.04,2.51
T_1267,2.79,2.71,2.83,2.15,2.45,2.59,2.17,2.83
T_1268,2.46,3.20,2.93,2.03,2.44,2.60,2.61,2.81
T_1269,2.33,2.89,2.90,2.45,2.50,2.34,2.43,2.42
T_1270,2.52,2.72,2.74,2.39,2.13,2.33,2.49,2.26
T_1271,2.33,2.70,2.72,2.23,2.55,2.36,2.24,2.32
T_1272,2.36,2.65,3.03,2.02,2.24,2.72,2.46,2.72
T_1273,2.59,2.75,2.70,2.07,2.43,2.21,2.35,2.54
T_1274,2.54,2.81,2.92,2.25,2.48,2.35,2.23,2.56
T_1275,2.52,2.88,2.92,2.16,2.49,2.78,2.61,2.19
T_1276,2.26,3.04,2.73,2.10,2.54,2.66,2.24,2.49
T_1277,1.94,2.90,2.90,2.28,2.49,2.40,2.32,2.74
T_1278,2.38,2.48,2.75,2.24,2.52,2.35,2.73,2.38
T_1279,2.23,2.56,2.73,2.16,2.42,2.46,2.43,2.66
T_1280,2.51,2.51,2.65,2.18,2.33,2.64,2.51,2.64
T_1281,2.52,2.71,2.96,2.15,2.13,2.64,2.18,2.62
T_1282,2.18,2.83,2.61,2.35,2.45,2.46,2.06,2.57
T_1283,2.17,2.81,2.81,2.23,2.16,2.39,2.46,2.72
T_1284,2.30,2.48,2.64,2.58,2.43,2.51,2.40,2.69
T_1285,2.37,2.83,2.98,2.29,2.42,2.69,2.52,2.60
T_1286,2.49,2.47,2.80,2.29,2.30,2.57,2.36,2.51
T_1287,2.17,2.81,3.03,2.54,2.18,2.60,2.29,2.67
T_1288,2.05,2.89,2.72,1.95,2.26,2.65,2.55,2.42
T_1289,2.30,2.83,2.84,2.43,2.65,2.59,2.47,2.45
T_1290,2.27,2.93,2.67,2.38,2.19,2.25,2.20,2.40
T_1291,2.33,2.68,2.84,2.15,2.40,2.94,2.11,2.65
T_1292,2.66,2.71,2.86,2.26,2.25,2.58,2.61,2.71
T_1293,2.27,2.71,2.83,2.12,2.32,2.68,2.36,2.76
T_1294,2.49,2.78,2.68,2.40,2.43,2.54,2.28,2.58
T_1295,2.31,2.56,2.78,2.22,2.40,2.49,2.32,2.67
T_1296,2.41,2.88,2.94,2.27,2.50,2.42,2.38,2.34
T_1297,2.46,3.02,2.52,2.54,2.30,2.91,2.34,2.46
T_1298,2.32,2.81,2.87,2.41,2.36,2.41,2.56,2.68
T_1299,2.11,2.66,2.98,2.29,2.22,2.43,2.41,2.72
T_1300,2.19,2.76,3.07,2.47,2.37,2.57,2.03,2.53
T_1301,2.31,2.62,2.61,2.14,2.58,2.53,2.52,2.76
T_1302,2.12,2.79,3.01,2.34,2.41,2.76,2.22,2.39
T_1303,2.14,2.60,2.94,2.32,2.33,2.77,2.31,2.44
T_1304,2.26,2.76,2.82,2.33,2.15,2.32,2.34,2.54
T_1305,2.19,2.75,2.64,2.63,2.47,2.37,2.07,2.75
T_1306,2.44,2.41,3.04,2.04,2.54,2.55,2.47,2.60
T_1307,2.43,3.04,2.81,2.44,2.15,2.54,2.61,2.67
T_1308,1.96,3.06,2.93,2.35,2.50,2.59,2.10,2.61
T_1309,2.53,2.75,2.93,2.06,2.40,2.68,2.00,2.36
T_1310,2.22,3.00,2.66,2.19,2.70,2.48,2.52,2.52
T_1311,2.30,2.85,2.99,2.26,2.15,2.42,2.11,2.33
T_1312,2.53,2.89,2.39,2.41,2.18,2.65,2.20,2.74
T_1313,2.35,2.77,2.77,2.20,2.51,2.26,2.13,2.60
T_1314,2.29,2.56,2.69,2.35,2.35,2.61,2.39,2.37
T_1315,2.21,2.87,2.81,2.12,2.28,2.53,2.30,2.66
T_1316,2.36,2.80,3.14,2.25,2.24,2.61,2.21,2.59
T_1317,2.42,2.95,2.67,2.27,2.35,2.50,2.14,2.42
T_1318,2.46,3.02,2.72,2.46,2.44,2.28,2.02,2.27
T_1319,2.27,2.71,2.89,2.15,2.41,2.28,2.37,2.66
T_1320,2.62,2.52,2.65,2.20,2.18,2.58,2.24,2.39
T_1321,2.33,2.74,2.70,2.20,2.43,2.63,2.44,2.47
T_1322,2.60,2.51,2.79,2.21,2.29,2.47,2.14,2.39
T_1323,2.36,2.91,2.72,2.26,2.43,2.32,2.06,2.47
T_1324,2.59,2.75,2.92,2.00,2.27,2.51,2.25,2.73
T_1325,2.58,2.99,2.78,2.55,2.26,2.58,2.27,2.71
T_1326,2.35,2.60,2.94,2.33,2.46,2.67,2.02,2.73
T_1327,2.32,3.07,2.95,2.43,2.37,2.67,2.28,2.65
T_1328,2.32,2.48,2.53,2.12,2.50,2.87,1.97,2.42
T_1329,2.45,2.85,2.83,2.11,2.10,2.58,2.70,2.50
T_1330,2.22,2.69,2.73,2.49,2.55,2.56,2.11,2.62
T_1331,2.18,2.76,2.96,2.23,2.46,2.78,2.50,2.50
T_1332,2.79,3.07,2.86,2.23,2.48,2.54,2.37,2.80
T_1333,2.46,2.69,2.79,2.12,2.08,2.22,2.37,2.32
T_1334,2.52,2.81,2.83,2.30,2.58,2.56,2.51,2.60
T_1335,2.38,2.80,2.93,2.07,2.37,2.51,2.35,2.59
T_1336,2.40,2.96,3.06,2.38,2.33,2.63,1.97,2.81
T_1337,2.47,2.72,2.93,2.15,2.16,2.67,2.12,2.56
T_1338,2.40,2.71,2.90,2.08,2.41,2.34,2.15,2.64
T_1339,2.32,2.60,2.81,2.38,2.18,2.19,2.12,2.60
T_1340,2.31,2.87,2.92,2.50,2.41,2.55,2.03,2.38
T_1341,2.56,2.89,2.71,2.14,2.31,2.33,2.31,2.70
T_1342,2.25,2.41,3.10,2.00,2.34,2.44,2.25,2.44
T_1343,2.57,2.57,2.61,2.23,2.00,2.71,2.29,2.51
T_1344,2.37,2.85,2.85,2.18,2.27,2.28,2.58,2.55
T_1345,2.32,2.74,2.76,2.22,2.38,2.43,2.23,2.55
T_1346,2.48,2.76,2.59,2.30,2.25,2.57,2.05,2.56
T_1347,2.29,2.67,2.60,2.00,2.46,2.80,2.06,2.47
T_1348,2.04,2.94,2.64,2.09,2.40,2.71,2.25,2.83
T_1349,2.48,3.26,2.85,2.12,2.39,2.38,2.19,2.57
T_1350,2.38,2.69,2.90,2.46,2.27,2.42,2.06,2.73
T_1351,2.41,2.69,2.99,2.12,2.38,2.40,2.32,2.43
T_1352,2.51,2.76,2.72,2.04,2.32,2.27,2.10,2.59
T_1353,2.33,2.95,2.95,2.43,2.59,2.59,2.59,2.59
T_1354,2.54,3.02,2.80,2.15,2.42,2.51,2.44,2.67
T_1355,2.31,2.85,2.87,2.41,2.40,2.64,2.32,2.39
T_1356,2.67,2.83,2.92,2.20,2.13,2.46,2.43,2.36
T_1357,2.17,2.96,2.73,2.12,2.27,2.56,2.49,2.56
T_1358,2.34,2.69,2.80,2.02,2.55,2.17,2.39,2.40
T_1359,2.30,2.90,2.88,2.07,2.39,2.43,2.17,2.35
T_1360,2.27,2.52,2.85,2.00,2.38,2.16,2.23,2.43
T_1361,2.19,2.77,2.75,2.14,2.35,2.20,2.15,2.42
T_1362,2.33,2.98,3.02,2.24,2.42,2.98,2.20,2.69
T_1363,2.07,2.69,2.81,2.34,2.26,2.61,2.17,2.55
T_1364,2.32,2.73,2.72,2.28,2.51,2.43,2.24,2.29
T_1365,2.44,2.61,3.04,2.47,2.20,2.89,2.44,2.49
T_1366,2.16,2.40,2.82,2.31,2.00,2.60,2.37,2.64
T_1367,2.20,2.92,2.94,2.02,2.31,2.48,2.41,2.82
T_1368,2.11,2.69,2.96,2.21,2.14,2.56,2.20,2.54
T_1369,2.25,2.88,2.71,2.15,2.65,2.63,2.41,2.54
T_1370,2.29,2.75,2.86,2.22,2.61,2.41,2.30,2.52
T_1371,2.20,2.70,2.82,2.17,2.56,2.83,2.19,2.43
T_1372,2.21,2.98,2.78,2.23,2.31,2.56,2.18,2.48
T_1373,2.34,2.66,2.81,2.08,2.42,2.63,2.06,2.61
T_1374,2.37,2.88,2.88,2.31,2.37,2.41,2.27,2.56
T_1375,2.14,2.59,2.70,2.18,2.08,2.52,2.21,2.37
T_1376,2.24,2.77,2.66,2.21,2.21,2.63,2.36,2.42
T_1377,2.33,2.69,2.81,2.53,2.52,2.85,2.25,2.59
T_1378,2.08,2.97,2.49,2.28,2.21,2.40,2.68,2.64
T_1379,2.31,2.79,3.08,2.25,2.23,2.66,2.32,2.26
T_1380,2.38,2.81,2.82,1.97,2.13,2.78,2.33,2.65
T_1381,2.35,3.00,2.99,2.35,2.48,2.70,2.44,2.65
T_1382,2.19,2.74,2.50,2.14,2.38,2.70,2.40,2.36
T_1383,2.48,2.96,2.80,2.42,2.47,2.47,2.50,2.53
T_1384,2.44,3.03,2.70,2.03,2.33,2.58,2.08,2.73
T_1385,2.22,2.90,2.91,2.29,2.35,2.59,2.31,2.57
T_1386,2.27,2.85,2.77,2.40,2.21,2.72,2.39,2.25
T_1387,2.45,2.83,3.06,2.49,2.28,2.35,2.40,2.51
T_1388,2.25,2.93,2.88,2.27,2.32,2.49,1.98,2.58
T_1389,2.49,2.69,2.60,2.28,2.36,2.57,2.34,2.44
T_1390,2.55,2.68,2.88,2.35,2.46,2.64,2.20,2.28
T_1391,2.31,2.63,2.53,2.20,2.38,2.87,2.41,2.45
T_1392,2.33,2.69,2.76,1.99,2.34,2.55,2.34,2.35
T_1393,2.33,2.73,3.00,2.33,2.22,2.60,2.28,2.32
T_1394,2.63,3.06,2.87,2.29,2.18,2.40,2.17,2.31
T_1395,2.45,2.88,2.81,2.32,2.21,2.34,2.54,2.66
T_1396,2.17,2.87,2.89,2.60,2.37,2.35,2.34,2.23
T_1397,2.12,2.57,3.09,2.39,2.44,2.70,2.53,2.34
T_1398,2.23,2.95,2.74,2.30,2.37,2.33,2.46,2.84
T_1399,2.27,2.75,2.82,2.34,2.33,2.90,1.86,2.67
T_1400,2.18,2.82,3.05,2.42,2.45,2.67,2.29,2.52
T_1401,2.45,2.73,2.95,2.17,2.26,2.55,2.26,2.50
T_1402,2.34,2.65,3.09,2.24,2.01,2.77,2.09,2.51
T_1403,2.46,2.84,3.00,2.35,2.24,2.62,2.45,2.65
T_1404,2.47,2.79,2.92,2.37,2.46,2.62,2.30,2.77
T_1405,2.19,2.66,2.70,2.19,2.50,2.74,2.42,2.55
T_1406,2.63,2.80,2.60,2.16,2.22,2.59,2.36,2.42
T_1407,2.56,2.78,2.99,2.58,2.40,2.62,2.43,2.56
T_1408,2.30,2.94,2.80,2.07,2.39,2.54,2.16,2.31
T_1409,2.20,2.67,2.66,2.35,2.46,2.55,2.61,2.51
T_1410,2.20,2.72,2.72,1.96,2.35,2.35,2.26,2.72
T_1411,2.52,2.70,2.49,2.44,2.26,2.67,2.17,2.38
T_1412,2.25,2.87,2.89,2.24,2.07,2.37,2.13,2.37
T_1413,2.37,2.87,2.64,2.34,2.23,2.43,2.32,2.59
T_1414,2.59,2.61,2.78,2.69,2.40,2.81,2.42,2.41
T_1415,2.31,2.64,2.67,2.37,2.34,2.33,1.97,2.42
T_1416,2.27,2.75,2.83,2.50,2.36,2.90,2.18,2.58
T_1417,2.39,2.85,2.61,2.31,2.40,2.37,2.36,2.16
T_1418,2.37,2.64,2.85,2.33,2.20,2.70,2.07,2.48
T_1419,2.17,2.86,2.95,2.19,2.50,2.53,2.30,3.00
T_1420,2.06,2.86,2.92,2.15,2.45,2.72,2.19,2.51
T_1421,2.29,2.68,2.89,2.27,2.24,2.29,2.52,2.73
T_1422,2.26,3.06,2.72,2.14,2.29,2.33,2.16,2.63
T_1423,2.25,2.68,2.93,2.54,2.24,2.62,2.30,2.53
T_1424,2.33,2.79,2.89,2.25,2.43,2.33,2.47,2.61
T_1425,2.39,2.91,2.94,2.24,2.41,2.54,2.24,2.53
T_1426,2.20,2.87,2.95,2.36,2.40,2.58,2.12,2.69
T_1427,2.43,2.63,2.54,2.62,2.37,2.57,2.36,2.79
T_1428,2.31,2.82,2.78,2.39,2.26,2.52,2.40,2.42
T_1429,2.30,2.63,2.48,2.18,2.19,2.69,2.00,2.44
T_1430,2.35,2.77,2.89,1.97,2.54,2.44,2.23,2.36
T_1431,2.43,2.58,2.91,2.46,2.34,2.40,1.95,2.54
T_1432,2.51,3.08,2.96,2.46,2.48,2.62,2.31,2.85
T_1433,2.39,2.91,2.68,2.44,2.20,2.55,2.65,2.60
T_1434,2.32,2.86,2.76,2.33,2.34,2.85,2.35,2.29
T_1435,2.39,2.63,2.88,2.28,2.29,2.32,2.05,2.62
T_1436,2.38,2.70,2.53,2.43,2.43,2.50,2.58,2.75
T_1437,2.23,3.21,2.91,2.17,2.23,2.88,2.37,2.66
T_1438,2.33,2.75,2.90,2.19,2.52,2.40,2.42,2.61
T_1439,2.28,2.71,2.67,2.05,2.72,2.57,2.57,2.58
T_1440,2.37,2.99,2.96,2.36,2.51,2.55,2.48,2.50
T_1441,2.08,2.55,2.86,2.29,2.34,2.42,2.21,2.34
T_1442,2.12,2.48,2.73,2.25,2.36,2.54,2.29,2.62
T_1443,2.00,2.90,2.76,2.33,2.61,2.35,2.10,2.72
T_1444,2.44,2.56,2.94,2.30,2.44,2.53,2.41,2.67
T_1445,2.38,2.87,3.00,2.20,2.28,2.70,2.34,2.62
T_1446,2.32,2.96,2.84,2.32,2.28,2.72,2.12,2.71
T_1447,2.04,2.76,2.82,2.37,2.44,2.44,2.21,2.23
T_1448,2.41,3.04,3.03,2.28,2.14,2.68,2.15,2.57
T_1449,2.36,2.70,3.27,2.36,2.30,2.67,2.31,2.56
T_1450,2.52,2.60,2.65,2.30,2.57,2.73,2.25,2.66
T_1451,2.55,2.77,2.83,2.69,2.26,2.69,2.33,2.46
T_1452,2.39,2.81,2.68,2.24,2.68,2.39,2.33,2.81
T_1453,2.35,2.66,2.74,2.35,2.45,2.48,2.53,2.37
T_1454,2.38,2.97,2.72,2.30,2.48,2.52,2.24,2.58
T_1455,2.31,2.59,2.73,2.43,2.27,2.29,2.41,2.39
T_1456,2.29,2.84,2.79,2.42,2.16,2.47,2.05,2.58
T_1457,2.33,3.07,2.79,2.24,2.04,2.18,2.21,2.42
T_1458,2.36,2.97,2.78,2.10,2.36,2.32,2.42,2.43
T_1459,2.21,3.01,2.75,2.22,2.29,2.59,2.32,2.59
T_1460,2.28,3.00,3.00,2.27,2.49,2.81,2.43,2.54
T_1461,2.60,2.88,2.89,2.43,2.20,2.48,2.55,2.59
T_1462,2.37,2.81,2.84,2.20,2.32,2.50,2.07,2.52
T_1463,2.27,2.82,2.91,2.38,2.32,2.39,2.02,2.68
T_1464,2.39,2.36,2.67,2.24,2.22,2.53,2.26,2.74
T_1465,2.19,2.83,2.79,2.04,2.26,2.64,2.25,2.47
T_1466,2.27,2.42,3.06,2.27,2.42,2.62,2.08,2.42
T_1467,2.11,2.42,2.74,2.32,2.51,2.77,1.93,2.75
T_1468,2.31,2.65,2.79,2.12,2.56,2.19,2.19,2.34
T_1469,2.19,2.95,2.71,2.51,2.58,2.61,2.18,2.86
T_1470,2.02,2.59,2.88,2.50,2.40,2.43,2.23,2.65
T_1471,2.38,2.45,2.90,1.98,2.55,2.63,2.47,2.54
T_1472,2.44,2.61,2.61,2.27,2.53,2.39,2.42,2.37
T_1473,2.29,2.55,2.99,2.46,2.15,2.64,2.42,2.80
T_1474,2.60,2.82,2.99,2.36,2.37,2.58,1.99,2.43
T_1475,2.07,2.55,2.98,1.98,2.36,2.48,2.19,2.41
T_1476,2.09,2.84,2.80,2.21,2.19,2.77,2.21,2.40
T_1477,2.34,2.98,2.67,2.31,2.45,2.58,2.51,2.77
T_1478,2.47,2.85,2.85,2.28,2.13,2.59,2.03,2.72
T_1479,2.42,2.66,2.75,2.01,2.44,2.41,2.32,2.44
T_1480,2.26,3.00,2.91,2.51,2.43,2.52,2.41,2.77
T_1481,2.16,2.86,3.06,2.24,2.49,2.43,2.38,2.59
T_1482,2.60,2.89,2.86,2.47,2.44,2.81,2.39,2.65
T_1483,2.24,2.87,2.80,2.25,2.65,2.48,2.39,2.50
T_1484,2.42,2.39,2.84,2.11,2.12,2.47,2.33,2.64
T_1485,2.36,2.68,3.03,2.35,2.40,2.35,2.52,2.59
T_1486,2.11,2.90,2.73,2.29,2.17,2.64,2.30,2.44
T_1487,2.45,2.65,2.80,2.37,2.27,2.78,2.15,2.74
T_1488,2.23,2.91,2.84,2.05,2.52,2.65,2.06,2.36
T_1489,2.39,2.70,2.79,2.61,2.17,2.79,1.93,2.43
T_1490,2.41,2.81,2.83,2.20,2.35,2.55,2.05,2.38
T_1491,2.30,2.55,2.82,2.55,2.48,2.44,2.38,2.41
T_1492,2.58,2.63,2.90,2.00,2.21,2.70,2.29,2.82
T_1493,2.54,2.80,2.80,2.25,2.28,2.54,2.28,2.36
T_1494,2.32,2.83,2.74,2.48,2.29,2.45,2.18,2.53
T_1495,2.45,2.59,3.02,2.50,2.61,2.61,2.35,2.23
T_1496,2.64,2.53,3.00,2.38,2.33,2.47,2.42,2.72
T_1497,2.60,2.90,2.96,2.24,2.56,2.27,2.20,2.66
T_1498,2.28,2.90,2.83,2.18,2.37,2.55,2.05,2.50
T_1499,2.64,2.91,3.12,2.36,2.29,2.39,2.12,2.64
T_1500,2.20,3.03,2.55,2.22,2.39,2.70,2.27,2.47
T_1501,2.15,2.97,2.74,2.27,2.55,2.49,2.29,2.61
T_1502,2.43,2.78,3.00,2.47,2.41,2.51,2.27,2.39
T_1503,2.18,2.92,2.54,2.30,2.42,2.71,2.40,2.73
T_1504,2.59,2.80,2.87,2.13,2.50,2.34,2.29,2.71
T_1505,2.04,2.81,2.93,2.10,2.31,2.47,2.61,2.55
T_1506,2.33,2.89,2.65,2.09,2.47,2.58,1.92,2.53
T_1507,2.43,2.94,2.78,2.49,2.31,2.98,2.19,2.51
T_1508,2.08,3.09,2.89,2.16,2.24,2.63,1.98,2.35
T_1509,2.49,2.86,3.01,2.13,2.49,2.66,2.24,2.31
T_1510,2.11,2.89,3.05,2.14,2.35,2.72,2.20,2.37
T_1511,2.38,2.99,2.89,2.12,2.46,2.57,2.14,2.84
T_1512,2.36,2.85,2.81,2.31,2.25,2.32,2.31,2.51
T_1513,2.48,2.70,2.92,2.40,2.49,2.23,2.36,2.81
T_1514,2.46,2.78,3.13,2.26,2.33,2.48,2.15,2.38
T_1515,2.45,2.80,2.50,2.42,2.38,2.59,2.48,2.49
T_1516,2.20,2.73,3.01,2.03,2.49,2.64,2.19,2.40
T_1517,2.19,2.66,2.58,2.20,2.53,2.48,2.14,2.61
T_1518,2.34,2.96,2.88,2.19,2.56,2.71,2.22,2.70
T_1519,2.08,3.03,2.81,2.61,2.45,2.57,2.47,2.37
T_1520,2.53,2.67,3.01,2.25,2.08,2.57,2.36,2.70
T_1521,2.30,3.11,2.70,2.23,2.39,2.42,2.12,2.30
T_1522,2.68,2.57,2.64,2.03,2.22,2.47,2.40,2.83
T_1523,2.41,2.88,2.42,2.22,2.53,2.75,2.45,2.53
T_1524,2.24,2.88,2.89,2.02,2.26,2.49,2.44,2.45
T_1525,2.17,2.68,2.71,2.42,2.39,2.49,2.28,2.61
T_1526,2.52,2.98,2.90,2.14,2.21,2.30,2.40,2.56
T_1527,1.84,2.80,2.80,1.96,2.53,2.57,2.33,2.54
T_1528,2.26,2.81,2.97,2.28,2.08,2.61,2.27,2.36
T_1529,2.65,2.64,3.23,2.21,2.44,2.31,2.20,2.44
T_1530,2.43,2.47,2.77,2.10,2.56,2.37,2.07,2.72
T_1531,2.43,2.63,2.73,2.45,2.56,2.37,2.31,2.59
T_1532,2.33,2.97,2.67,2.23,2.32,2.57,2.37,2.51
T_1533,2.41,2.56,2.87,1.91,2.24,2.72,2.32,2.64
T_1534,2.20,2.71,3.26,2.32,2.75,2.38,2.60,2.75
T_1535,2.34,2.71,2.80,2.22,2.40,3.00,2.18,2.39
T_1536,2.52,2.46,2.81,2.12,2.57,2.68,2.57,2.49
T_1537,2.33,2.77,3.08,2.09,2.53,2.57,2.46,2.58
T_1538,2.35,2.81,3.13,2.35,2.41,2.72,2.09,2.51
T_1539,2.51,2.81,2.80,2.18,2.56,2.31,2.33,2.58
T_1540,2.49,2.94,3.00,2.21,2.38,2.41,2.26,2.58
T_1541,2.36,2.87,2.93,2.49,2.45,2.38,2.18,2.39
T_1542,2.21,3.11,2.73,2.25,2.32,2.35,2.18,2.54
T_1543,2.17,3.04,2.90,2.33,2.16,2.45,2.36,2.83
T_1544,2.36,2.84,2.90,2.37,2.35,2.34,2.23,2.62
T_1545,2.33,2.86,2.75,2.00,2.29,2.60,2.55,2.41
T_1546,2.59,2.79,2.44,2.60,2.48,2.80,2.35,2.56
T_1547,2.93,2.77,2.88,2.42,2.49,2.38,2.31,2.59
T_1548,2.58,2.75,3.11,2.27,2.29,2.92,2.35,2.20
T_1549,2.26,2.83,2.85,2.19,2.26,2.41,2.26,2.42
T_1550,2.29,2.83,2.82,2.27,2.24,2.49,2.45,2.55
T_1551,2.09,3.00,2.78,2.35,2.64,2.38,2.13,2.54
T_1552,2.37,2.82,2.83,2.05,2.10,2.75,2.46,2.57
T_1553,2.37,2.76,2.90,2.13,2.47,2.61,2.29,2.47
T_1554,2.47,2.83,2.50,2.41,2.13,2.81,2.09,2.44
T_1555,2.19,2.61,2.83,2.19,2.45,2.60,2.48,2.32
T_1556,2.38,2.52,2.97,2.53,2.42,2.71,2.21,2.23
T_1557,2.33,2.82,3.02,1.90,2.42,2.41,2.32,2.46
T_1558,2.48,3.04,2.65,2.40,2.40,2.67,2.18,2.30
T_1559,2.11,2.43,2.54,2.24,2.48,2.76,2.31,2.47
T_1560,2.53,2.64,2.66,1.86,2.32,2.77,2.34,2.73
T_1561,2.33,2.97,3.23,2.34,2.50,2.34,2.29,2.64
T_1562,2.32,2.89,2.74,2.35,2.36,2.43,2.45,2.55
T_1563,2.14,2.87,2.78,2.16,2.12,2.35,2.49,2.32
T_1564,2.41,2.84,3.08,2.47,2.15,2.33,2.11,2.64
T_1565,2.37,3.02,2.76,2.21,2.30,2.66,1.96,2.86
T_1566,2.29,2.75,3.03,2.40,2.07,2.41,2.22,2.61
T_1567,2.35,2.66,2.87,2.22,2.24,2.51,2.24,2.93
T_1568,2.15,2.72,2.70,2.46,2.58,2.51,2.21,2.49
T_1569,2.32,2.62,2.82,2.34,2.30,2.45,2.24,2.23
T_1570,2.18,2.99,3.01,2.27,2.45,2.49,2.64,2.41
T_1571,2.04,2.71,2.79,2.35,2.39,2.54,2.30,2.69
T_1572,2.11,2.57,2.75,2.46,2.52,2.60,2.16,2.50
T_1573,2.28,2.90,2.83,2.19,2.46,2.57,2.26,2.55
T_1574,2.38,2.46,2.99,2.55,2.29,2.56,2.16,2.43
T_1575,2.34,2.83,3.02,2.51,2.41,2.30,2.48,2.56
T_1576,2.53,2.52,3.05,2.36,2.64,2.62,2.29,2.40
T_1577,2.38,2.78,2.85,2.40,2.21,2.61,2.63,2.62
T_1578,2.34,2.83,2.89,2.24,2.53,2.54,2.29,2.55
T_1579,2.25,2.56,2.72,2.58,2.40,2.50,2.26,2.40
T_1580,2.41,2.89,2.70,2.15,2.44,2.53,2.08,2.22
T_1581,2.43,2.92,2.78,2.36,2.44,2.76,2.13,2.25
T_1582,2.04,2.87,2.82,2.66,2.36,2.63,2.18,2.40
T_1583,2.32,2.58,2.99,2.06,2.33,2.49,2.14,2.64
T_1584,2.32,2.90,2.71,2.17,2.56,2.45,2.50,2.63
T_1585,2.31,2.79,2.99,2.25,2.17,2.43,2.02,2.64
T_1586,2.75,3.04,3.13,2.09,2.45,2.81,2.35,2.56
T_1587,2.42,2.71,2.75,2.18,2.33,2.72,2.25,2.29
T_1588,2.46,2.89,3.13,2.42,2.25,2.43,2.32,2.48
T_1589,2.43,2.92,2.78,2.29,2.19,2.62,2.44,2.41
T_1590,2.26,2.65,2.53,2.43,2.41,2.68,2.13,2.82
T_1591,2.37,2.99,2.95,2.20,2.38,2.58,2.22,2.25
T_1592,2.37,2.71,2.53,2.10,2.28,2.57,2.43,2.57
T_1593,2.37,2.70,2.92,2.42,2.46,2.58,2.28,2.70
T_1594,2.22,2.63,2.96,2.37,1.94,2.66,2.10,2.54
T_1595,2.38,2.88,2.81,2.19,2.09,2.56,2.15,2.61
T_1596,2.28,2.85,3.00,2.21,2.22,2.54,2.57,2.53
T_1597,2.15,2.85,2.92,2.13,2.36,2.74,2.39,2.37
T_1598,2.29,2.50,2.99,2.00,2.62,2.79,2.37,2.52
T_1599,2.27,3.10,2.77,2.35,2.34,2.73,2.39,2.49
T_1600,2.32,2.89,2.84,2.23,2.30,2.27,2.35,2.61
T_1601,2.13,2.86,2.71,2.38,2.04,2.49,2.30,2.58
T_1602,2.09,2.80,2.54,2.20,2.45,2.87,2.10,2.34
T_1603,2.18,2.74,3.05,2.33,2.23,2.66,2.50,2.64
T_1604,2.24,2.87,2.97,2.31,2.18,2.37,2.14,2.50
T_1605,2.56,3.02,2.88,2.31,2.37,2.42,2.28,2.79
T_1606,2.40,2.60,2.71,2.37,2.40,2.40,2.05,2.50
T_1607,1.98,2.86,2.73,2.09,2.28,2.52,2.43,2.68
T_1608,2.24,2.77,2.92,2.31,2.47,2.56,2.31,2.70
T_1609,2.35,2.87,2.77,2.14,2.47,2.26,2.20,2.64
T_1610,2.48,2.60,2.65,2.19,2.45,2.45,2.10,2.37
T_1611,2.31,2.78,2.99,2.49,2.43,2.22,2.38,2.48
T_1612,2.60,2.91,3.02,2.47,2.33,2.55,2.07,2.44
T_1613,2.22,3.03,3.16,2.33,2.38,2.55,2.54,2.45
T_1614,2.64,2.85,2.80,2.20,2.05,2.72,2.05,2.71
T_1615,2.39,3.07,3.03,2.40,2.39,2.52,2.22,2.66
T_1616,2.32,2.79,2.75,2.41,2.52,2.60,2.39,2.43
T_1617,2.39,2.87,2.70,2.09,2.41,2.41,2.36,2.63
T_1618,2.25,2.63,2.84,2.53,2.44,2.31,2.52,2.49
T_1619,2.17,2.88,2.89,2.14,2.50,2.66,2.28,2.66
T_1620,2.40,2.72,2.72,2.38,2.29,2.45,2.44,2.34
T_1621,2.37,2.98,2.90,2.44,2.69,2.33,2.50,2.46
T_1622,2.57,2.56,2.62,2.64,2.22,2.47,2.32,2.82
T_1623,2.46,2.46,2.96,2.16,2.49,2.73,2.36,2.55
T_1624,2.24,2.51,2.75,2.32,2.58,2.53,2.11,2.53
T_1625,2.42,2.96,2.72,1.97,2.51,2.57,2.35,2.49
T_1626,2.21,2.75,2.63,2.27,2.49,2.72,2.35,2.70
T_1627,2.08,2.82,2.61,2.16,2.41,2.46,2.33,2.32
T_1628,2.29,2.78,2.84,2.28,2.68,2.25,2.18,2.56
T_1629,2.24,2.96,2.77,2.18,2.32,2.49,2.21,2.64
T_1630,2.22,2.59,2.87,2.09,2.37,2.76,2.29,2.52
T_1631,2.47,2.69,2.78,2.33,2.33,2.50,2.21,2.52
T_1632,2.43,2.77,2.73,2.10,2.28,2.25,2.56,2.35
T_1633,2.18,2.93,2.82,2.15,2.23,2.73,2.39,2.41
T_1634,2.24,2.73,2.79,2.12,2.42,2.70,2.04,2.53
T_1635,2.36,2.86,2.93,2.41,2.45,2.55,2.54,2.45
T_1636,2.00,2.81,2.91,2.27,2.61,2.53,2.55,2.43
T_1637,2.39,2.84,2.82,2.17,2.35,2.83,2.15,2.49
T_1638,2.35,2.62,2.51,1.99,2.64,2.43,2.63,2.42
T_1639,2.39,2.87,2.72,2.21,2.26,2.46,2.20,2.52
T_1640,2.52,2.77,2.80,2.25,2.47,2.93,2.35,2.49
T_1641,2.51,2.60,2.77,2.09,2.58,2.52,2.45,2.53
T_1642,2.25,2.74,2.60,2.11,2.26,2.38,2.42,2.45
T_1643,2.49,2.61,2.83,2.25,2.06,2.63,2.56,2.53
T_1644,2.35,2.98,2.91,2.27,2.79,2.42,2.33,2.46
T_1645,2.14,2.73,2.71,2.34,2.43,2.24,2.38,2.42
T_1646,2.31,2.50,2.51,2.18,2.43,2.45,2.10,2.68
T_1647,2.30,2.87,2.76,2.21,2.20,2.79,2.26,2.59
T_1648,2.39,3.06,2.83,2.20,2.31,2.48,2.06,2.40
T_1649,2.32,2.65,2.72,2.04,2.63,2.50,2.14,2.67
T_1650,2.19,2.91,3.01,2.32,2.31,2.41,2.27,2.83
T_1651,2.37,2.56,2.60,2.51,2.21,2.47,2.28,2.71
T_1652,2.21,2.60,2.78,2.24,2.16,2.56,2.14,2.70
T_1653,2.25,2.79,2.69,2.30,2.35,2.63,2.19,2.40
T_1654,2.22,2.79,2.74,2.35,2.31,2.76,2.48,2.54
T_1655,2.37,2.77,2.92,1.93,2.65,2.61,2.42,2.65
T_1656,2.35,2.87,3.06,2.31,2.38,2.46,2.54,2.42
T_1657,2.25,2.95,2.99,2.27,2.35,2.49,2.10,2.51
T_1658,1.89,2.91,2.83,2.36,2.30,2.72,2.21,2.42
T_1659,2.42,2.90,2.71,2.30,2.26,2.59,2.25,2.29
T_1660,2.18,2.70,2.83,2.39,2.43,2.46,2.43,2.22
T_1661,2.34,2.74,2.91,2.16,2.35,2.74,2.03,2.45
T_1662,2.24,2.65,2.99,2.35,2.47,2.53,2.37,2.38
T_1663,2.04,2.89,2.99,2.29,2.08,2.60,2.58,2.57
T_1664,2.40,2.91,2.80,2.40,2.31,2.42,2.16,2.54
T_1665,2.24,2.85,2.73,2.42,2.50,2.63,2.32,2.74
T_1666,2.42,2.85,2.56,2.16,2.26,2.42,2.55,2.53
T_1667,2.33,2.54,2.79,2.05,2.40,2.41,2.38,2.61
T_1668,2.66,2.90,2.72,2.40,2.39,2.78,2.47,2.67
T_1669,2.24,2.72,2.63,2.34,2.29,2.56,2.08,2.33
T_1670,2.27,2.91,2.72,1.99,2.21,2.81,2.15,2.88
T_1671,2.22,2.80,2.88,2.38,2.05,2.64,2.21,2.59
T_1672,2.27,2.91,2.60,2.26,2.18,2.42,2.48,2.55
T_1673,2.36,2.78,2.96,2.31,2.19,2.46,2.18,2.69
T_1674,2.28,2.87,2.93,2.52,2.18,2.64,2.35,2.72
T_1675,2.34,2.73,2.62,2.31,2.31,2.35,2.31,2.29
T_1676,2.31,3.00,2.86,2.47,2.45,2.70,2.07,2.45
T_1677,2.30,2.67,3.07,2.06,2.28,2.45,2.28,2.38
T_1678,2.29,2.68,2.84,2.16,2.42,2.63,2.25,2.51
T_1679,2.69,2.64,2.86,2.31,2.32,2.51,2.51,2.70
T_1680,2.20,2.88,2.70,2.24,2.54,2.37,2.20,2.45
T_1681,2.32,2.77,3.09,2.10,2.48,2.62,2.30,2.44
T_1682,2.18,2.77,2.84,2.16,2.37,2.36,2.40,2.64
T_1683,2.54,2.92,2.90,2.21,2.30,2.38,2.28,2.82
T_1684,2.42,2.82,2.92,2.39,2.25,2.47,2.26,2.72
T_1685,2.30,2.95,2.92,2.23,2.32,2.41,2.28,2.64
T_1686,2.17,2.76,2.73,2.10,2.24,2.49,2.48,2.37
T_1687,2.43,2.86,2.99,2.08,2.61,2.35,2.36,2.54
T_1688,2.51,2.77,2.49,2.14,2.53,2.65,2.15,2.57
T_1689,2.08,2.65,2.71,2.11,2.60,2.62,2.48,2.43
T_1690,2.20,3.10,2.68,2.49,2.47,2.66,2.40,2.87
T_1691,2.30,2.67,2.90,2.20,2.46,2.41,2.45,2.62
T_1692,2.32,2.85,2.75,2.21,2.15,2.61,2.15,2.25
T_1693,2.33,2.59,2.86,1.97,2.18,2.33,2.45,2.61
T_1694,2.42,2.80,2.76,2.50,2.34,2.57,2.26,2.72
T_1695,2.28,2.65,2.73,2.33,2.21,2.46,2.14,2.14
T_1696,2.32,2.98,2.72,2.39,2.34,2.41,2.20,2.34
T_1697,2.43,2.83,2.98,2.19,2.20,2.40,2.22,2.52
T_1698,2.28,2.72,2.88,2.34,2.47,2.57,2.40,2.66
T_1699,2.55,2.77,2.89,2.04,2.33,2.55,2.50,2.55
T_1700,2.48,2.70,2.84,2.37,2.35,2.44,2.43,2.59
T_1701,2.49,2.93,2.93,2.54,2.27,2.35,2.36,2.56
T_1702,2.39,2.76,2.77,2.26,2.45,2.50,2.12,2.42
T_1703,2.46,2.86,2.88,2.26,1.97,2.55,2.33,2.52
T_1704,2.36,2.84,3.12,2.13,2.54,2.56,2.13,2.58
T_1705,2.38,2.73,2.73,2.33,2.43,2.70,2.64,2.57
T_1706,2.42,3.09,2.74,2.48,2.41,2.47,2.34,2.54
T_1707,2.29,2.71,2.73,2.12,2.38,2.31,2.47,2.59
T_1708,2.59,2.82,2.86,2.69,2.32,2.55,2.19,2.62
T_1709,2.26,2.56,2.74,2.29,2.26,2.44,2.15,2.39
T_1710,2.54,2.83,2.51,2.32,2.31,2.52,2.54,2.80
T_1711,2.31,2.76,2.86,2.44,2.38,2.65,2.29,2.43
T_1712,2.50,3.00,2.98,2.17,2.45,2.59,2.56,2.66
T_1713,2.44,2.88,2.76,2.00,2.11,2.36,2.46,2.47
T_1714,2.55,2.68,2.80,2.23,2.43,2.38,2.25,2.49
T_1715,2.81,2.68,2.69,2.37,2.59,2.49,2.54,2.58
T_1716,2.74,2.96,2.51,2.60,2.17,2.75,2.24,2.48
T_1717,2.43,2.72,3.00,2.53,2.53,2.60,2.13,2.63
T_1718,2.38,2.71,2.51,2.27,2.58,2.30,2.33,2.20
T_1719,2.26,2.79,2.86,2.09,2.32,2.65,2.11,2.56
T_1720,2.40,2.87,2.98,2.53,2.11,2.21,2.52,2.18
T_1721,2.18,2.76,3.03,2.31,2.71,2.41,2.42,2.46
T_1722,2.43,2.81,2.92,2.27,2.69,2.88,2.04,2.65
T_1723,2.15,2.73,2.88,2.27,2.50,2.69,2.31,2.56
T_1724,2.59,2.59,2.89,2.43,2.48,2.48,2.35,2.44
T_1725,2.31,2.56,2.90,2.47,2.43,2.42,2.40,2.68
T_1726,2.18,2.56,2.98,2.48,2.50,2.56,2.21,2.24
T_1727,2.28,2.68,2.74,2.21,2.19,2.61,2.20,2.45
T_1728,2.38,2.82,2.76,2.38,2.48,2.61,2.33,2.33
T_1729,2.19,2.86,2.86,2.20,2.28,2.48,2.32,2.56
T_1730,2.60,2.77,2.80,2.15,2.44,2.49,2.04,2.59
T_1731,2.42,3.10,2.62,2.17,2.42,2.52,2.33,2.49
T_1732,2.27,2.72,2.90,2.31,2.01,2.50,2.62,2.51
T_1733,2.16,2.90,2.80,2.22,2.31,2.46,2.21,2.50
T_1734,2.50,2.68,2.71,2.42,2.23,2.42,2.09,2.32
T_1735,2.41,2.72,2.99,2.16,2.49,2.34,2.21,2.38
T_1736,2.46,2.86,2.73,2.27,2.20,2.41,2.04,2.70
T_1737,2.33,2.56,2.90,2.24,2.26,2.39,2.17,2.75
T_1738,2.21,2.45,2.65,2.29,2.50,2.33,2.50,2.89
T_1739,2.47,2.52,2.98,2.12,2.28,2.39,2.11,2.78
T_1740,2.32,2.56,2.84,2.33,2.33,2.65,2.13,2.52
T_1741,2.20,2.92,2.88,2.10,2.55,2.36,2.24,2.44
T_1742,2.34,2.79,2.94,2.51,2.24,2.65,2.11,2.43
T_1743,2.31,2.71,2.85,2.47,2.50,2.47,2.34,2.44
T_1744,2.27,2.71,2.88,2.50,2.57,2.43,2.55,2.59
T_1745,2.45,2.59,2.55,2.41,2.53,2.71,2.20,2.45
T_1746,1.95,2.72,2.71,2.01,2.32,2.41,2.30,2.49
T_1747,2.45,2.76,2.95,2.14,2.35,2.28,2.33,2.38
T_1748,2.27,2.89,2.82,2.16,2.51,2.67,2.31,2.93
T_1749,2.26,3.27,2.85,2.18,2.45,2.46,2.04,2.43
T_1750,2.28,2.84,3.06,2.40,2.36,2.58,2.24,2.48
T_1751,2.50,2.70,3.22,2.25,2.30,2.53,2.31,2.58
T_1752,2.15,2.87,2.94,2.41,2.34,2.82,2.63,2.23
T_1753,2.32,2.85,2.72,2.12,2.28,2.44,2.11,2.40
T_1754,2.48,2.64,2.89,2.31,2.39,2.51,2.46,2.49
T_1755,2.45,2.73,2.85,2.43,2.51,2.55,2.30,2.43
T_1756,2.17,2.78,2.89,2.32,2.31,2.62,1.99,2.35
T_1757,2.21,2.69,3.07,2.04,2.17,2.64,2.23,2.56
T_1758,2.11,2.78,2.60,2.38,2.08,2.80,1.98,2.84
T_1759,2.12,2.98,2.79,2.51,2.47,2.54,2.29,2.60
T_1760,2.46,2.97,2.87,2.28,2.43,2.74,2.28,2.50
T_1761,2.47,2.71,2.82,2.46,2.37,2.55,2.36,2.63
T_1762,2.15,2.78,2.87,2.42,2.53,2.49,2.38,2.38
T_1763,2.62,2.80,2.93,2.28,2.60,2.93,2.55,2.68
T_1764,2.54,2.76,2.69,2.34,2.35,2.44,2.30,2.51
T_1765,2.42,2.84,2.75,2.43,2.20,2.24,2.51,2.50
T_1766,2.27,2.57,2.94,2.04,1.97,2.50,2.23,2.40
T_1767,2.26,2.80,2.76,2.27,2.47,2.80,2.08,2.50
T_1768,2.57,2.52,2.78,1.90,2.36,2.44,2.50,2.54
T_1769,2.42,2.88,2.71,2.34,2.58,2.36,2.18,2.64
T_1770,2.11,2.72,2.87,2.23,2.02,2.67,2.47,2.20
T_1771,2.37,2.52,2.79,2.21,2.60,2.61,2.39,2.54
T_1772,2.37,2.85,2.60,2.09,2.29,2.61,2.33,2.68
T_1773,2.54,2.50,2.75,2.14,2.23,2.33,2.38,2.51
T_1774,2.21,2.91,2.85,2.36,2.22,2.57,2.52,2.44
T_1775,2.29,2.56,2.80,2.38,2.55,2.43,2.33,2.65
T_1776,2.31,2.92,2.64,2.37,2.48,2.62,2.49,2.66
T_1777,2.31,2.66,2.75,2.17,2.47,2.45,2.00,2.47
T_1778,2.25,3.19,2.88,2.42,2.40,2.64,2.21,2.52
T_1779,2.54,2.87,3.16,2.13,2.08,2.28,2.53,2.53
T_1780,2.21,3.04,2.56,2.40,2.03,2.12,2.40,2.44
T_1781,2.26,2.92,2.81,2.32,2.55,2.56,2.37,2.54
T_1782,2.19,2.84,3.03,2.28,2.67,2.47,2.33,2.70
T_1783,2.29,2.56,2.79,2.31,2.27,2.55,2.47,2.57
T_1784,2.49,2.99,2.84,2.25,2.32,2.60,2.39,2.47
T_1785,2.48,2.88,2.68,2.55,2.27,2.44,2.42,2.51
T_1786,2.45,2.81,3.01,2.58,2.34,2.55,2.35,2.66
T_1787,2.42,2.88,3.03,2.31,2.35,2.56,2.54,2.81
T_1788,2.31,2.71,2.88,2.13,2.38,2.41,2.30,2.59
T_1789,2.07,2.77,3.10,2.24,2.58,2.62,2.24,2.47
T_1790,2.37,2.66,2.53,2.33,2.47,2.55,2.47,3.07
T_1791,2.33,2.75,2.78,2.39,2.11,2.46,2.16,2.57
T_1792,2.30,2.70,2.74,2.26,2.39,2.46,2.25,2.30
T_1793,2.27,2.64,2.78,2.66,2.25,2.55,2.36,2.40
T_1794,2.30,2.81,3.02,2.26,2.28,2.49,2.23,2.36
T_1795,2.23,2.59,2.67,1.85,2.21,2.39,2.13,2.48
T_1796,2.22,2.75,2.52,2.20,2.57,2.46,2.14,2.63
T_1797,2.24,2.67,2.88,2.06,2.48,2.68,2.35,2.63
T_1798,2.37,2.74,2.48,2.07,2.31,2.71,2.31,2.33
T_1799,2.59,2.94,2.80,2.51,2.41,2.47,2.18,2.43
T_1800,2.43,2.84,2.84,2.32,2.26,2.95,2.40,2.32
T_1801,2.05,2.80,2.72,2.11,2.75,2.55,2.40,2.46
T_1802,2.36,2.74,2.51,2.10,2.47,2.49,2.18,2.35
T_1803,2.42,2.69,2.76,2.14,2.23,2.27,2.39,2.71
T_1804,2.46,2.93,2.69,2.43,2.47,2.45,2.39,2.46
T_1805,2.25,2.90,2.94,2.39,2.55,2.53,2.24,2.29
T_1806,2.10,2.78,2.74,2.34,2.45,2.50,2.11,2.65
T_1807,2.46,2.72,2.97,2.28,2.38,2.61,2.28,2.56
T_1808,2.27,2.80,2.86,2.09,2.65,2.56,2.54,2.50
T_1809,2.62,2.97,2.91,2.40,2.35,2.88,2.30,2.40
T_1810,2.17,2.83,2.74,2.24,2.36,2.76,2.54,2.49
T_1811,2.64,2.87,2.84,2.33,2.46,2.68,2.29,2.52
T_1812,2.16,2.69,2.89,2.07,2.36,2.63,2.07,2.45
T_1813,2.63,2.69,2.75,2.24,2.18,2.63,2.16,2.71
T_1814,2.37,2.71,2.77,2.32,2.17,2.35,2.45,2.45
T_1815,2.49,2.60,2.99,1.99,2.44,2.70,2.37,2.43
T_1816,2.43,2.86,2.66,2.30,2.33,2.30,2.26,2.65
T_1817,2.51,2.83,2.74,2.55,2.39,2.44,2.34,2.61
T_1818,2.40,2.73,2.86,2.26,2.01,2.61,2.24,2.73
T_1819,2.59,2.87,2.83,2.34,2.23,2.35,2.52,2.70
T_1820,2.18,2.56,2.87,2.14,2.17,2.35,2.19,2.48
T_1821,2.34,2.90,3.11,2.37,2.23,2.48,1.99,2.35
T_1822,2.16,2.90,2.86,2.35,2.31,2.62,2.26,2.60
T_1823,2.34,2.65,2.65,2.48,2.38,2.76,2.25,2.34
T_1824,2.39,2.89,2.60,2.18,2.25,2.79,2.10,2.27
T_1825,2.34,3.07,2.75,2.21,2.36,2.71,2.65,2.83
T_1826,2.51,2.78,2.83,2.24,2.23,2.82,2.34,2.51
T_1827,2.48,3.12,2.79,2.33,2.51,2.13,2.24,2.27
T_1828,2.45,2.69,2.64,2.33,2.15,2.58,2.04,2.38
T_1829,2.50,2.43,2.95,2.23,2.15,2.70,2.43,2.62
T_1830,2.58,2.69,2.88,2.30,2.28,2.61,2.17,2.40
T_1831,2.24,3.09,2.71,2.30,2.31,2.46,2.20,2.29
T_1832,2.30,3.00,2.96,2.29,2.21,2.42,2.15,2.37
T_1833,2.36,2.75,2.91,2.19,2.32,2.36,2.26,2.60
T_1834,2.21,2.57,2.62,1.99,2.27,2.24,2.40,2.32
T_1835,2.28,2.80,2.83,2.36,2.48,2.63,2.22,2.64
T_1836,2.24,2.81,2.76,2.58,2.33,2.52,2.63,2.64
T_1837,2.17,2.78,2.87,2.36,2.40,2.41,2.48,2.42
T_1838,2.55,2.46,2.81,2.13,2.24,2.62,2.48,2.40
T_1839,2.31,2.71,2.97,2.22,2.42,2.55,2.43,2.38
T_1840,2.06,2.85,2.86,2.38,2.42,2.55,2.35,2.55
T_1841,2.38,2.90,2.83,2.04,2.75,2.91,2.33,2.42
T_1842,2.29,2.62,2.79,2.16,2.52,2.22,2.43,2.17
T_1843,2.05,2.66,2.67,2.10,2.19,2.50,2.40,2.54
T_1844,2.23,2.78,2.60,2.44,2.11,2.48,2.49,2.43
T_1845,2.30,2.94,2.59,2.16,2.37,2.38,2.65,2.50
T_1846,2.37,2.99,2.97,2.35,2.46,2.59,1.95,2.29
T_1847,2.25,2.69,2.92,2.39,2.25,2.49,2.41,2.34
T_1848,2.51,2.75,2.52,2.32,2.37,2.63,2.35,2.76
T_1849,2.30,2.88,2.70,2.38,2.06,2.56,2.16,2.32
T_1850,2.69,2.86,3.05,2.17,2.39,2.64,2.24,2.31
T_1851,2.49,2.70,2.71,2.25,2.38,2.75,2.28,2.54
T_1852,2.57,2.57,2.80,2.15,2.37,2.36,2.31,2.72
T_1853,2.65,2.71,2.93,2.54,2.38,2.64,2.15,2.56
T_1854,2.16,2.70,2.95,2.05,2.75,2.75,2.14,2.37
T_1855,2.54,2.97,2.73,2.22,2.54,2.45,2.40,2.71
T_1856,2.74,2.72,2.95,2.24,2.31,2.47,2.31,2.48
T_1857,2.61,2.61,2.76,2.33,2.60,2.59,2.43,2.30
T_1858,2.40,2.90,3.03,2.17,2.28,2.82,2.53,2.66
T_1859,2.19,2.93,2.98,2.35,2.49,2.67,2.48,2.64
T_1860,2.52,3.02,2.66,2.33,2.50,2.53,2.37,2.67
T_1861,2.27,2.81,3.10,2.17,2.27,2.58,2.35,2.28
T_1862,2.38,2.72,3.03,2.48,2.06,2.49,2.21,2.63
T_1863,2.48,2.76,2.65,2.23,2.46,2.43,2.20,2.68
T_1864,2.52,2.51,2.75,2.19,2.38,2.52,2.48,2.58
T_1865,2.22,2.80,2.91,2.29,2.19,2.33,2.33,2.48
T_1866,2.49,2.61,3.10,2.52,2.54,2.70,2.38,2.48
T_1867,2.42,2.75,2.57,2.16,2.61,2.66,2.46,2.41
T_1868,2.30,2.74,2.82,2.44,2.37,2.62,2.26,2.18
T_1869,2.30,2.52,2.67,2.50,2.28,2.60,1.97,2.45
T_1870,2.52,2.89,2.55,1.99,2.23,2.40,2.40,2.45
T_1871,2.60,2.65,2.76,2.31,2.65,2.45,2.28,2.41
T_1872,2.29,2.71,2.81,2.56,2.23,2.68,2.25,2.41
T_1873,2.48,2.74,2.50,2.38,2.38,2.78,2.34,2.58
T_1874,2.22,2.77,2.91,2.61,2.54,2.83,2.39,2.47
T_1875,2.27,2.67,2.96,2.15,2.53,2.62,2.43,2.57
T_1876,2.34,3.01,2.78,2.23,2.47,2.40,2.59,2.65
T_1877,2.33,2.75,2.99,2.44,2.12,2.40,1.94,2.50
T_1878,2.32,2.94,2.58,2.45,2.59,2.58,2.49,2.48
T_1879,2.23,3.00,2.66,2.19,2.20,2.49,2.78,2.45
T_1880,2.25,2.67,2.94,2.15,2.44,2.37,2.49,2.61
T_1881,2.28,2.92,2.63,2.21,2.23,2.39,2.19,2.66
T_1882,2.44,2.65,2.62,2.09,2.33,2.49,2.22,2.73
T_1883,2.39,2.75,2.71,2.35,2.13,2.43,2.14,2.52
T_1884,2.46,2.85,2.90,2.23,2.37,2.51,2.16,2.64
T_1885,2.51,2.83,2.93,2.29,2.15,2.76,2.66,2.55
T_1886,2.33,2.74,3.00,2.20,2.11,2.64,2.24,2.31
T_1887,2.36,2.48,2.87,2.41,2.24,2.45,2.18,2.32
T_1888,2.23,2.80,2.50,2.31,2.02,2.80,2.27,2.60
T_1889,2.58,2.65,2.99,2.23,2.43,2.58,2.34,2.61
T_1890,2.47,2.85,3.07,2.29,2.45,2.81,2.26,2.46
T_1891,2.57,2.53,2.73,2.23,2.44,2.55,2.43,2.49
T_1892,2.52,2.74,2.76,1.98,2.41,2.49,2.30,2.47
T_1893,2.32,2.66,2.84,2.22,2.68,2.47,2.44,2.16
T_1894,2.42,2.45,2.94,2.19,2.63,2.54,2.34,2.61
T_1895,2.36,2.69,2.87,2.11,2.37,2.54,2.27,2.65
T_1896,2.67,2.91,2.73,2.09,2.21,2.53,2.18,2.32
T_1897,2.43,2.97,2.83,2.32,2.38,2.35,2.51,2.59
T_1898,2.58,2.85,2.87,2.08,2.30,2.67,2.40,2.52
T_1899,2.36,2.82,3.03,2.36,2.30,2.72,2.44,2.43
T_1900,2.54,2.79,2.81,2.25,2.26,2.38,2.12,2.50
T_1901,2.38,2.72,2.43,2.38,2.34,2.47,2.05,2.77
T_1902,2.25,3.01,2.42,2.48,2.53,2.42,2.55,2.68
T_1903,2.54,2.99,2.84,2.18,2.26,2.40,2.17,2.55
T_1904,2.36,2.53,2.62,2.07,2.33,2.34,2.27,2.43
T_1905,2.30,2.78,2.86,2.50,2.41,2.74,2.31,2.78
T_1906,2.46,2.93,2.79,2.04,2.34,2.75,2.23,2.40
T_1907,2.41,2.83,2.95,2.52,2.41,2.49,2.80,2.32
T_1908,2.29,2.84,2.80,2.55,2.20,2.37,2.26,2.72
T_1909,2.35,2.91,2.87,2.29,2.30,2.61,2.15,2.55
T_1910,2.54,2.72,2.79,2.58,2.43,2.58,2.34,2.72
T_1911,2.24,2.66,2.78,2.02,2.41,2.55,2.31,2.62
T_1912,1.96,2.88,2.57,2.28,2.37,2.32,2.34,2.63
T_1913,2.50,2.89,3.03,2.46,2.34,2.51,2.39,2.36
T_1914,2.27,2.83,2.84,2.12,2.48,2.40,2.09,2.48
T_1915,2.30,2.78,2.80,2.20,2.25,2.24,2.36,2.64
T_1916,2.46,2.77,3.00,2.14,2.42,2.30,2.56,2.50
T_1917,2.28,2.62,2.50,2.35,2.32,2.46,2.64,2.27
T_1918,2.31,2.66,2.81,2.29,2.39,2.52,2.16,2.43
T_1919,2.51,2.69,2.73,2.35,2.26,2.69,2.25,2.54
T_1920,2.44,3.10,3.08,2.32,2.45,2.34,2.21,2.28
T_1921,2.45,2.89,2.78,2.16,2.34,2.85,2.37,2.18
T_1922,2.22,2.75,2.95,2.33,2.02,2.71,2.73,2.52
T_1923,2.20,2.93,2.62,2.16,2.30,2.72,2.04,2.69
T_1924,2.48,2.92,2.90,2.40,2.59,2.61,2.35,2.68
T_1925,2.43,2.77,2.89,2.30,2.53,2.60,2.55,2.48
T_1926,2.20,2.93,3.11,2.18,2.54,3.11,2.29,2.68
T_1927,2.38,2.74,3.08,2.32,2.47,2.76,2.37,2.52
T_1928,2.03,2.55,2.73,2.44,2.32,2.72,2.42,2.64
T_1929,2.44,2.76,3.06,2.21,2.44,2.42,2.01,2.68
T_1930,2.38,2.90,2.82,2.21,2.22,2.55,2.40,2.28
T_1931,2.23,3.07,3.03,2.52,2.32,2.38,2.18,2.38
T_1932,2.51,2.53,2.84,2.20,2.15,2.58,2.20,2.53
T_1933,2.39,2.52,2.83,2.18,2.58,2.37,2.11,2.47
T_1934,2.29,2.58,2.85,2.32,2.29,2.51,2.35,2.47
T_1935,2.29,2.71,2.88,2.10,2.27,2.38,2.54,2.67
T_1936,2.29,2.92,2.89,2.35,2.19,2.49,2.34,2.46
T_1937,2.46,3.10,2.90,2.56,2.33,2.75,2.41,2.49
T_1938,2.55,3.01,3.13,2.27,2.70,2.61,2.37,2.76
T_1939,2.27,2.54,2.95,2.38,2.15,2.32,2.15,2.43
T_1940,2.15,2.64,2.80,2.17,2.34,2.53,2.10,2.60
T_1941,2.30,2.80,2.83,2.21,2.29,2.87,2.41,2.62
T_1942,2.39,2.77,3.01,2.10,2.87,2.59,2.11,2.38
T_1943,2.21,2.86,3.02,2.46,2.45,2.35,2.33,2.64
T_1944,2.22,2.71,2.52,2.29,2.18,2.45,2.11,2.44
T_1945,2.31,2.99,2.97,2.44,2.27,2.76,2.27,2.49
T_1946,2.38,2.67,2.94,2.46,2.07,2.44,2.21,2.27
T_1947,2.43,2.76,2.83,1.81,2.47,2.60,2.34,2.53
T_1948,2.50,2.66,2.75,2.12,2.54,2.63,2.14,2.60
T_1949,2.06,2.98,3.23,2.39,2.49,2.54,2.41,2.44
T_1950,2.49,2.70,2.93,2.39,2.43,2.48,2.25,2.37
T_1951,2.39,2.88,3.13,2.32,2.44,2.29,2.40,2.63
T_1952,2.25,2.98,2.58,2.10,2.54,2.44,2.37,2.38
T_1953,2.46,2.83,2.70,2.33,2.57,2.68,2.46,2.48
T_1954,2.03,2.54,2.92,2.13,2.35,2.70,2.50,2.71
T_1955,2.17,3.00,2.93,2.79,2.26,2.81,1.97,2.46
T_1956,2.63,2.88,2.84,2.10,2.38,2.66,2.38,2.63
T_1957,2.13,2.98,2.76,2.18,2.37,2.60,2.16,2.46
T_1958,2.36,2.71,2.75,2.18,2.40,2.66,2.47,2.35
T_1959,2.16,2.86,2.80,1.91,2.49,2.66,2.17,2.54
T_1960,2.26,3.02,2.76,2.10,2.48,2.87,2.26,2.52
T_1961,2.17,2.43,2.52,2.41,2.52,2.32,2.49,2.71
T_1962,2.48,2.90,2.49,2.25,2.52,2.63,2.43,2.65
T_1963,2.03,2.79,2.77,2.43,2.35,2.69,2.46,2.70
T_1964,2.33,3.15,2.83,2.33,2.32,2.30,2.03,2.75
T_1965,2.17,3.03,2.95,2.15,2.40,2.49,2.43,2.37
T_1966,2.17,2.64,3.00,2.16,2.48,2.35,2.27,2.64
T_1967,2.45,2.78,3.04,2.27,2.38,2.52,2.41,2.59
T_1968,2.19,2.70,2.69,2.07,2.38,2.39,2.18,2.58
T_1969,2.31,2.63,2.85,2.14,2.56,2.63,2.36,2.47
T_1970,2.40,2.57,2.98,2.59,2.42,2.38,2.39,2.49
T_1971,2.34,2.69,2.80,2.34,2.36,2.60,2.33,2.45
T_1972,2.54,2.80,2.92,2.13,2.36,2.43,2.28,2.33
T_1973,2.49,2.58,3.03,2.44,2.33,2.77,2.33,2.44
T_1974,2.37,2.97,2.77,2.29,2.35,2.20,2.46,2.53
T_1975,2.28,2.45,2.61,2.26,2.21,2.73,2.06,2.35
T_1976,2.32,2.49,2.51,2.37,2.66,2.64,2.37,2.41
T_1977,2.27,2.99,2.61,2.39,2.23,2.90,2.19,2.46
T_1978,2.47,2.80,3.10,2.09,2.41,2.32,2.32,2.30
T_1979,2.22,2.88,2.60,2.22,2.20,2.47,2.36,2.55
T_1980,2.38,2.75,2.77,2.22,2.39,2.59,1.98,2.44
T_1981,2.43,2.80,2.92,2.16,2.56,2.46,2.31,2.59
T_1982,2.22,3.22,2.67,2.34,2.70,2.42,2.42,2.57
T_1983,2.10,3.16,2.90,1.87,2.14,2.47,2.47,2.71
T_1984,2.46,2.94,2.98,2.62,2.49,2.50,2.05,2.25
T_1985,2.34,2.90,2.76,2.33,2.26,2.86,2.35,2.54
T_1986,2.31,2.72,2.84,2.12,2.54,2.58,2.44,2.50
T_1987,2.33,2.67,3.06,2.06,2.54,2.64,2.44,2.44
T_1988,2.36,2.69,2.85,2.19,2.67,2.64,2.19,2.45
T_1989,2.50,2.54,2.90,2.20,2.66,2.62,2.35,2.51
T_1990,2.31,2.85,2.89,2.30,2.53,2.29,2.48,2.58
T_1991,2.23,2.36,2.75,2.42,2.50,2.53,2.35,2.52
T_1992,2.40,2.69,2.92,1.95,2.15,2.57,2.27,2.66
T_1993,2.44,2.54,2.93,2.12,2.53,2.56,2.56,2.57
T_1994,2.23,2.81,2.83,2.32,2.35,2.63,2.38,2.45
T_1995,2.04,2.87,2.63,2.25,2.19,2.57,2.26,2.40
T_1996,2.49,2.67,2.77,2.19,2.17,2.57,2.33,2.72
T_1997,2.46,2.69,2.86,2.46,2.46,2.25,2.27,2.59
T_1998,2.45,2.85,3.08,2.12,2.29,2.52,2.39,2.67
T_1999,2.26,2.64,2.73,2.38,2.42,2.71,2.12,2.48
T_2000,2.51,2.65,2.65,2.09,2.62,2.77,2.03,2.55
T_2001,2.40,2.83,2.73,2.32,2.44,2.43,2.20,2.43
T_2002,2.28,2.83,2.87,2.16,2.29,2.50,2.16,2.48
T_2003,2.22,2.78,2.71,2.09,2.22,2.68,2.19,2.56
T_2004,2.58,2.87,3.29,2.39,2.41,2.66,2.27,2.50
T_2005,2.36,2.74,2.91,2.24,2.45,2.54,2.37,2.66
T_2006,2.45,2.87,2.95,2.28,2.45,2.63,2.33,2.34
T_2007,2.19,3.01,2.62,2.35,2.34,2.66,2.41,2.55
T_2008,2.45,2.74,2.71,2.22,2.30,2.36,2.39,2.47
T_2009,2.30,2.97,2.83,2.45,2.45,2.41,2.18,2.50
T_2010,2.59,3.01,2.71,1.98,2.59,2.30,2.27,2.55
T_2011,2.36,2.59,2.91,2.46,2.25,2.61,2.18,2.60
T_2012,2.41,2.94,2.60,2.26,2.29,2.57,2.31,2.41
T_2013,2.21,2.70,2.72,2.15,2.33,2.30,2.34,2.59
T_2014,2.15,3.00,2.53,2.16,2.50,2.54,2.10,2.35
T_2015,2.19,2.93,3.00,2.12,2.62,2.67,2.74,2.80
T_2016,2.26,2.72,2.96,2.25,2.37,2.35,2.55,2.29
T_2017,2.13,2.66,2.69,2.27,2.52,2.54,2.23,2.50
T_2018,2.17,2.73,3.01,2.33,2.32,2.63,2.19,2.51
T_2019,2.13,2.96,2.73,2.31,2.51,2.59,2.44,2.48
T_2020,2.39,2.87,2.74,2.36,2.10,2.63,2.15,2.57
T_2021,2.45,2.95,3.00,2.33,2.33,2.73,2.24,2.54
T_2022,2.21,2.83,3.02,2.38,2.16,2.31,2.12,2.32
T_2023,2.67,2.69,3.21,2.25,2.30,2.60,2.50,2.52
T_2024,2.39,2.78,2.94,2.20,2.27,2.66,2.39,2.34
T_2025,2.34,2.85,2.41,2.32,2.41,2.60,2.11,2.64
T_2026,2.37,2.98,2.96,2.37,2.36,2.58,2.31,2.38
T_2027,2.59,2.82,2.90,2.41,2.46,2.58,2.38,2.40
T_2028,2.43,2.62,2.92,2.44,2.32,2.57,2.27,2.63
T_2029,2.50,2.72,2.93,2.45,2.41,2.53,2.28,2.46
T_2030,2.79,2.44,2.89,1.90,2.34,2.63,2.44,2.91
T_2031,2.30,2.77,2.70,2.19,2.37,2.37,2.34,2.41
T_2032,2.30,2.79,2.78,2.40,2.12,2.43,2.32,2.38
T_2033,2.40,2.69,2.94,2.22,2.40,2.49,2.51,2.40
T_2034,2.19,2.89,2.95,2.23,2.50,2.58,2.11,2.49
T_2035,2.24,2.62,2.54,2.32,2.21,2.37,2.09,2.37
T_2036,2.21,2.74,2.44,2.20,2.51,2.59,2.65,2.31
T_2037,2.60,2.81,2.77,2.18,2.24,2.45,2.13,2.51
T_2038,2.41,2.94,2.74,2.12,2.26,2.34,2.14,2.38
T_2039,2.27,2.81,2.68,2.49,2.43,2.71,2.56,2.67
T_2040,2.32,3.06,3.02,2.32,2.21,2.61,2.25,2.68
T_2041,2.44,2.51,2.85,2.30,2.54,2.67,2.35,2.73
T_2042,2.48,2.82,2.93,2.55,2.09,2.55,2.27,2.74
T_2043,2.28,2.98,2.75,2.30,2.45,2.34,2.32,2.67
T_2044,2.48,2.97,2.69,2.27,2.45,2.39,2.33,2.53
T_2045,2.24,2.82,2.44,2.30,2.48,2.76,2.33,2.67
T_2046,2.52,2.85,2.61,2.17,2.30,2.67,2.28,2.40
T_2047,2.41,2.81,2.83,2.58,2.42,2.48,2.48,2.58
